Multiple size <= 100
TEST 1 ARG:87 98 26 11 50 93 70 58 62 10 31 86 90 64 35 44 4 45 46 54 69 29 3 6 43 25 13 55 8 63 17 47 30 0 66 34 27 21 52 76 36 89 67 75 1 15 23 22 83 53 74 99 82 40 42 12 39 33 60 24 2 51 97 48 7 80 91 68 78 95 57 41 85 79 84 37 28 73 19 5 18 96 71 49 77 38 32 88 14 65 59 61 94 56 20 9 81 72 16 92 
TEST 2 ARG:10 94 8 23 9 31 2 87 97 22 5 52 77 75 40 60 30 47 83 38 92 7 27 36 68 65 73 33 98 85 86 64 58 39 3 18 90 61 71 67 34 69 63 88 72 76 25 96 55 19 35 14 1 17 91 56 51 53 59 13 29 81 99 21 26 82 62 43 66 6 32 11 57 0 54 49 48 28 74 46 89 80 15 20 45 44 16 95 79 42 70 37 78 24 12 41 93 50 84 4 
TEST 3 ARG:62 66 93 24 28 2 31 12 96 61 4 1 34 22 5 45 94 52 21 14 98 25 87 49 79 16 43 27 84 97 48 11 60 10 76 89 26 80 17 71 95 7 68 38 41 53 32 56 39 70 0 54 30 90 37 99 20 81 13 63 15 64 55 46 59 65 88 57 86 36 3 82 75 50 72 40 85 19 42 92 47 23 78 67 73 77 35 8 6 74 91 58 44 51 29 69 33 83 9 18 
TEST 4 ARG:36 32 29 85 19 57 18 39 27 48 69 72 52 46 68 0 84 12 99 47 16 97 70 66 2 53 79 8 9 60 62 90 20 45 81 96 42 74 93 63 37 75 51 50 3 30 80 95 17 31 4 76 11 67 87 78 92 77 38 58 1 28 25 61 86 56 6 54 21 26 73 22 24 15 35 64 59 91 14 40 71 55 82 88 65 23 5 94 98 43 41 89 10 34 7 33 49 13 83 44 
TEST 5 ARG:84 1 66 43 77 41 52 40 16 26 79 85 5 74 68 99 7 69 39 9 89 20 96 98 70 49 11 78 13 59 73 12 23 56 88 25 71 33 82 57 64 87 65 55 42 62 3 45 81 53 18 90 36 91 51 76 22 19 8 0 46 24 60 29 2 15 31 44 21 72 94 27 30 50 86 10 75 92 54 58 95 6 61 35 63 47 67 14 34 97 17 80 38 28 37 48 32 93 83 4 
Multiple size <= 500
TEST 1 ARG:-21 43 108 239 -161 -3 -245 38 -175 -39 -31 -194 143 106 -64 75 9 10 132 169 -19 -146 52 -7 -185 50 144 166 167 246 177 63 -157 211 25 173 -198 -201 -76 -69 232 159 -226 -213 -204 -158 134 30 32 99 116 234 28 -232 -102 -18 16 -14 123 -85 64 -60 160 3 -99 196 127 -77 -246 218 162 -193 200 -28 245 91 -142 -17 -86 -176 -110 187 48 195 -118 -42 -150 -16 -4 -107 58 -57 -120 -98 -100 244 -63 -181 229 70 -47 -144 18 -27 215 175 -103 -127 -45 -58 -208 224 228 20 -187 -199 -190 -227 2 -30 -15 -9 -12 29 201 113 -26 217 -84 -61 -241 4 -109 -104 -46 164 126 -53 -229 206 -117 129 122 -239 -6 101 -82 -71 72 -224 -24 -40 -96 109 -66 -202 92 -41 204 98 65 -171 -44 -207 151 56 -138 -129 139 5 207 -122 -38 -230 -216 146 -186 -65 -174 130 34 78 -215 49 -90 148 -143 125 241 248 165 161 -83 0 -62 212 147 226 -219 86 -55 84 24 -165 -91 -114 114 -148 22 -183 238 -113 -156 -189 -78 192 15 42 174 209 136 -116 186 -151 214 158 213 199 14 -56 -167 -25 -240 198 -242 96 105 44 102 140 -128 67 97 -172 -88 110 -95 100 -140 -8 117 183 11 -149 -248 172 223 -209 137 -10 -139 80 -244 -48 216 128 87 -106 -52 -23 -205 76 -203 193 194 -124 -49 -225 210 -180 -50 88 197 53 231 180 236 242 149 73 -80 -250 112 -101 26 -235 233 -214 -92 -22 -145 191 -2 -170 243 -13 -159 118 -33 79 17 13 171 51 153 181 -223 -168 -89 240 33 184 -238 66 -243 -29 40 -105 -68 -94 119 8 -125 107 225 -35 -32 -184 77 -97 141 95 222 -166 -228 185 -155 -136 55 176 -196 -134 -195 115 104 61 -70 -188 -179 227 -67 -73 -137 150 -234 -130 6 1 133 -135 -59 -178 -51 46 -231 -141 -247 -115 90 -93 85 221 142 168 145 220 208 35 -218 152 -54 41 157 -163 62 -75 -217 189 -108 124 188 -133 -236 -220 179 -11 -20 -206 94 -131 -212 82 205 -36 54 -154 60 237 31 -123 -197 -37 -233 -221 -74 -126 19 74 71 -222 -1 83 111 120 -87 -164 247 -72 235 202 27 -210 203 -119 103 190 -177 39 93 -162 -237 170 -132 219 7 -182 155 121 -160 -249 138 249 131 -121 68 -169 156 -79 37 230 81 -192 -81 57 -34 -191 -112 -111 -211 -152 69 -173 -147 23 45 178 182 135 59 12 163 154 89 -43 -5 -153 -200 21 47 36 
TEST 2 ARG:-60 -232 37 -236 -230 -237 11 69 145 90 -61 232 219 -12 242 133 -188 -26 -15 4 146 207 -142 8 181 160 -4 84 50 98 217 -57 -30 -179 150 154 199 191 -84 190 -227 245 -112 -47 177 205 -204 -108 -168 48 -70 76 -172 -55 170 85 -223 -85 -52 -171 -88 182 18 44 106 -13 215 188 -141 -200 174 -202 224 17 74 24 -62 -234 -66 247 -169 -146 60 -28 -95 -46 -65 243 -21 176 -51 87 -199 -192 -185 32 -43 201 -8 -166 -48 113 128 -115 -145 -91 26 -138 23 -221 143 136 -122 27 -153 -217 -92 -247 212 -113 41 135 148 109 220 -132 197 240 -54 -233 -186 68 167 -16 -97 104 75 -32 -86 166 203 -34 -59 117 38 -211 226 61 -45 6 78 52 -216 -25 3 42 -31 -214 -93 -130 -181 77 71 129 173 59 -219 -143 -79 -102 -244 123 -114 -37 114 105 -23 -183 22 221 -49 19 -109 -150 -42 -137 82 237 13 -127 249 130 -58 121 210 30 -162 157 -165 62 144 -17 228 107 137 -50 67 -242 89 -73 -18 -228 218 -2 99 -78 147 -105 -67 -22 -35 25 110 49 -90 34 -9 138 -98 -182 161 88 12 103 94 -1 131 156 43 126 -63 -124 102 -205 223 -229 179 -140 21 -126 -240 -76 175 -3 -125 -64 -38 -120 -160 -184 -29 -246 -133 55 15 209 45 -195 206 151 -226 -222 -241 -111 2 -101 -121 134 72 -106 28 100 -136 159 132 -250 183 95 -178 227 -100 -197 118 -243 -149 168 7 -40 -157 178 119 56 185 57 -235 20 116 36 125 66 216 -159 65 141 -7 -74 -107 93 54 -231 -131 -161 -177 -44 101 14 47 -218 211 158 115 -180 -77 83 -110 -104 -174 195 238 -187 -87 -80 189 79 -144 -19 -89 139 -83 -68 46 80 97 234 -224 -173 155 -14 51 193 127 124 -119 91 142 -20 -203 246 186 58 163 33 -72 -135 172 -209 248 53 164 198 -148 81 -36 -201 187 64 213 -5 -27 208 -164 180 165 239 112 40 -198 204 196 -213 -196 39 -207 -208 -155 1 171 -239 10 16 244 -206 229 241 -33 108 -117 111 184 -225 169 -193 -56 -39 -163 -41 -191 225 -158 -129 -156 200 -123 192 162 -249 233 -176 152 -167 -189 5 -82 -215 -194 222 -210 73 120 9 -245 214 -128 -75 -69 -134 202 -94 -212 -154 -11 -103 35 -118 231 31 -190 -175 -147 236 122 140 -220 -96 70 -116 -71 0 235 -151 -139 194 -53 -152 -6 153 -170 29 -248 230 -99 -81 -238 63 -24 92 86 96 149 -10 
TEST 3 ARG:235 101 148 -107 180 -135 -57 -210 -159 -171 -82 -207 96 108 80 -61 163 169 210 227 157 36 24 -45 79 -238 -73 183 73 66 237 152 176 -185 -93 42 198 -28 -96 -211 -47 -65 -66 -119 -4 -99 -140 162 -165 107 219 142 82 -208 -35 155 -125 212 -56 188 -212 -217 4 -86 -138 184 144 222 48 117 -147 170 147 -24 83 -5 165 181 -220 -245 109 105 104 -175 -95 209 135 20 138 -247 226 223 -242 161 -230 35 -39 -19 -145 -137 -198 -136 -236 -183 -169 228 124 -206 -219 21 -197 90 -233 158 150 -8 -153 -124 196 143 140 -46 205 207 75 110 12 -249 -72 -139 -64 -43 -129 46 -33 -123 128 -9 -221 -101 81 3 -130 159 -110 -196 175 220 -113 -106 151 -182 230 146 154 99 -218 153 -181 -15 -200 217 -225 17 72 55 -30 -29 -192 -41 9 -59 118 248 121 -16 -112 116 -67 -25 -90 -36 215 134 166 31 59 -189 51 54 -98 100 -127 123 -148 85 86 -22 -26 -10 -109 -248 -227 185 -6 47 -12 63 -234 19 94 -21 15 171 208 137 190 22 201 239 28 -69 -122 211 -23 238 -173 113 197 53 84 30 195 -240 -58 122 -27 43 34 -229 -142 -128 -32 -146 45 -53 -60 98 129 26 87 -180 -120 -239 -63 -103 -121 -17 13 -133 -102 -42 44 240 -78 -177 -38 125 -155 8 224 -50 93 69 -34 173 61 6 -111 -49 132 -3 -199 -84 -108 -88 -117 70 -81 -235 213 -71 -228 -44 -157 -161 -116 -232 7 -11 178 -79 141 -80 160 149 236 18 -131 -141 126 -191 232 89 145 -97 -160 60 131 1 -149 -158 174 168 -115 127 225 10 214 204 -20 -132 -174 -201 -18 139 29 -55 202 199 38 -151 32 64 114 -167 -154 -178 156 0 -87 -13 -205 -172 37 -250 179 -170 -134 -14 77 -31 -215 14 133 241 177 -150 -194 -223 -243 -85 245 -7 92 120 187 -94 182 106 -162 -40 11 -1 16 -187 97 203 -51 78 49 74 -62 243 50 23 -70 -77 221 186 -164 -68 -244 164 67 95 102 68 -166 -143 -216 71 -76 111 -37 229 25 218 192 27 -100 -104 -204 -188 103 39 65 193 231 58 -91 -144 -190 189 41 167 -52 249 247 242 -126 -226 33 -246 -203 -202 40 -75 119 -163 -193 -195 112 -105 91 -156 -224 -152 -74 -114 5 2 -184 -214 -168 -2 -213 244 130 200 216 -89 52 -222 57 62 206 -186 191 56 -118 172 -209 -237 234 -176 -54 -83 -179 88 233 246 76 -48 -231 194 136 -241 115 -92 
TEST 4 ARG:80 -175 -84 240 153 25 -246 -96 241 135 -248 110 185 79 147 168 8 -243 -230 -143 -187 63 64 -185 40 183 230 140 -140 -123 244 18 113 161 13 -24 158 92 -98 -83 -7 194 -111 23 -59 121 117 -153 169 -134 -222 156 -166 65 -161 26 38 -64 -78 154 223 199 -119 4 -124 -203 247 137 -213 112 212 -53 -110 -15 72 119 -105 -94 238 234 -71 -158 136 -141 93 215 62 -9 -193 -82 209 -115 36 -116 -226 -192 -237 -29 -164 -244 27 -167 -216 61 67 -121 164 -165 151 -152 -191 55 229 -178 189 43 125 -44 -215 150 -87 -197 144 211 96 59 91 -138 24 -30 -77 97 -125 -73 52 106 99 28 76 20 -72 207 95 -39 -95 14 -68 60 56 -162 118 -173 134 177 -137 -210 159 -234 226 -144 -240 -12 53 200 104 -171 -235 -19 -133 -34 5 -205 -163 -120 83 -170 71 149 -93 -38 -108 182 163 143 84 39 -45 -41 -211 -179 33 -58 195 16 138 90 -154 -131 208 -208 9 -139 -85 -183 -42 12 -21 -48 -212 -147 203 73 239 196 -231 -223 188 232 170 -47 -32 44 -17 190 -49 -204 -177 -79 -217 -92 45 124 -81 133 235 116 100 146 -46 -180 -99 -135 108 -2 -118 21 -91 -195 -31 -3 131 139 -20 -242 -225 123 -104 -43 6 231 82 -136 206 41 -149 129 86 -107 -157 115 -206 1 205 -62 -238 -201 155 -60 -102 202 220 -190 218 -128 187 -33 -228 221 213 127 7 -1 54 145 -245 -75 214 -109 -61 19 -25 228 -176 -69 -14 -194 -218 186 132 -63 46 114 236 191 179 242 243 -26 -126 -66 -247 198 -40 -229 -5 -52 -198 -113 70 -199 103 11 -16 107 -27 233 0 -132 126 193 -174 89 -18 -181 130 -207 -55 192 -146 -103 173 -169 -236 217 245 77 48 248 175 22 -56 181 -129 224 -155 -227 -70 -145 -57 -90 109 -151 152 -4 -122 -202 162 -130 -6 -239 78 -220 -67 165 -97 -233 -101 42 201 -54 -36 -182 157 176 -209 141 -37 105 57 -89 75 166 249 -114 -249 69 111 2 -184 47 174 167 101 -160 74 227 -100 -156 -188 128 171 178 88 -241 10 -35 94 237 -51 -250 160 122 32 -80 -10 -186 -23 -117 -200 -159 -86 -50 85 -224 246 58 225 31 98 66 34 -28 -189 50 -219 102 35 184 -172 -221 148 204 49 -112 -11 -65 -148 222 -142 -196 172 -22 210 -74 -88 216 142 51 -8 -127 15 180 17 29 68 81 120 -13 -106 -150 -76 3 197 219 -168 37 87 30 -232 -214 
TEST 5 ARG:-189 20 115 62 -41 108 68 5 -168 142 83 24 187 -183 240 -24 -175 -29 109 205 -162 -247 -152 -78 -84 17 151 238 -5 79 -48 -154 44 93 134 -165 -136 4 209 37 -220 49 -51 -66 92 -45 -37 -182 -58 159 54 -249 146 197 190 -126 -231 -4 112 -248 -132 244 -49 132 -149 60 -206 46 35 245 179 182 177 -21 248 -42 127 16 234 -147 -243 191 -200 208 -142 -138 -18 226 211 -55 -70 202 130 72 90 -224 -174 -192 -14 -233 41 67 63 15 -9 48 61 153 -216 18 -177 -36 178 227 -10 82 117 -232 -171 -15 -112 -214 30 181 66 -8 249 78 55 -218 135 -100 86 -105 -146 0 -75 -190 196 203 -34 34 228 -141 -211 207 -12 19 -123 -27 139 152 56 64 246 76 -140 -198 -236 -242 200 11 -121 -180 -158 53 96 91 -156 -65 -1 59 -81 -28 21 212 214 120 -225 58 26 -217 -159 -106 -208 -109 199 -60 77 116 222 -205 217 -194 -204 167 88 129 -219 -172 150 219 -155 133 -54 29 -80 235 -244 -72 -178 14 105 -86 -92 183 84 -167 -173 -107 -239 170 -38 -35 172 188 98 -143 158 -79 -196 -240 -135 -188 -52 52 -90 -234 57 -56 25 -69 2 102 47 223 -151 231 -238 189 31 50 119 230 138 220 -30 -128 229 -16 155 -26 -85 -103 -67 -57 237 -83 180 -195 -199 128 -61 7 -7 -170 103 124 69 163 137 110 -110 -11 131 106 -226 -96 -50 125 -213 -117 176 -210 -104 27 204 -77 198 -64 -2 192 247 -245 -118 -144 164 113 -228 -87 94 -33 33 89 -108 184 -241 -193 -137 -181 233 221 -39 -46 38 -230 114 -184 -212 -221 -6 111 215 173 -73 239 81 -235 22 -31 -133 -207 104 -115 175 -68 143 -246 -97 -95 10 161 73 70 -191 126 243 210 216 242 241 -227 224 -101 206 -124 75 -160 156 123 232 -82 -215 122 201 -20 39 -43 -120 -125 -169 -131 -89 -114 74 225 -150 174 168 136 -99 185 -153 -88 -32 162 149 -237 -13 218 -250 43 -91 121 -134 -127 42 -164 -223 -157 169 -113 -71 100 -94 51 85 71 166 99 80 9 87 -229 -25 -161 140 -130 -3 12 8 154 -197 -202 -145 195 107 -40 -187 28 1 -209 -203 -122 -201 6 65 23 -23 -53 -59 -116 36 145 -163 141 -179 147 -22 40 -119 -166 148 -148 45 -62 -222 3 -176 -93 101 194 193 236 -139 118 -17 171 -129 186 165 -111 97 157 13 -186 -185 -19 95 -47 -74 -98 144 -76 32 -102 -44 213 -63 160 
TEST 6 ARG:31 -126 -168 42 225 14 -130 -33 203 70 -57 -75 117 -109 -41 -86 -5 174 177 -228 -78 15 -38 32 119 191 -133 58 248 -42 -189 -131 43 -110 128 -115 -214 -26 86 -44 16 -32 47 161 59 -159 -201 114 173 -187 77 -224 -231 -65 147 -35 17 -66 -90 230 35 243 185 -27 116 163 -31 123 -93 210 -111 83 223 -122 -162 -82 -153 79 133 171 26 -112 -160 -145 -171 -113 55 41 -183 -105 81 226 238 18 199 -132 121 -61 -55 -248 214 -147 -100 -125 131 205 104 -8 -167 62 91 231 110 -225 12 8 -232 -188 -54 102 127 -217 186 -220 130 236 -121 129 -245 188 156 -94 221 215 180 -200 73 98 217 -174 -233 90 134 -237 10 76 -150 -81 176 115 65 96 -206 -37 -96 194 -193 195 -1 -102 -204 53 -76 -16 -212 89 22 -60 11 -166 30 182 -19 -219 45 247 -73 132 -11 -79 40 220 -34 -58 -95 160 9 19 -235 36 219 -151 145 -249 -209 -69 -84 155 -74 -239 -106 -135 -218 150 -107 -64 197 46 154 196 -186 -152 -141 -56 84 -2 -222 107 -85 61 125 246 -134 -184 149 -24 -30 0 -238 183 184 37 143 201 -155 207 -77 244 178 -119 103 136 -164 -161 5 -59 245 -205 -88 28 -154 -72 -12 -208 97 -198 -211 212 57 -92 141 -221 -104 -103 -242 -47 -63 60 -62 -123 -39 -6 242 -23 82 124 216 -10 -49 140 -101 88 -118 159 237 -120 -195 187 232 -243 34 -80 139 198 -158 -144 -247 137 56 168 -182 240 166 135 -91 112 6 211 -170 74 -175 181 -21 -4 -53 20 -172 209 87 118 -99 64 3 233 193 234 2 224 -97 -149 -48 206 -185 146 -98 -203 144 138 67 -7 78 172 1 100 -142 -180 -229 122 -223 -173 -28 -136 -45 -114 -143 164 108 -146 -215 241 -190 170 -29 -129 -138 -43 -236 38 239 151 120 101 -137 -17 111 -127 -124 208 -46 190 249 -244 -40 50 -197 -176 -15 -89 -87 -165 80 106 200 -226 -181 -169 -241 204 -234 167 218 -178 -108 -18 52 85 -140 66 27 93 33 -196 222 -22 -67 -68 148 -191 -227 -157 227 -3 -179 49 162 -71 175 13 -83 25 -177 -207 192 -51 7 -156 72 94 29 153 -20 51 -199 157 -117 202 -163 152 109 169 75 -202 -194 -52 23 54 -13 158 -116 71 -213 -250 126 179 21 -128 -36 -70 -246 165 -148 44 69 105 63 92 99 229 24 -216 228 113 189 68 -50 -25 -139 235 95 -230 -9 142 213 -210 48 -192 -240 -14 39 4 
TEST 7 ARG:177 171 -29 -155 -205 203 -204 145 -177 108 48 -84 -42 95 22 -32 64 74 -82 238 16 210 -156 218 -55 229 0 -107 -14 163 -130 180 -166 186 3 99 -59 204 -144 146 58 -48 239 248 219 225 -51 196 194 -134 -229 -232 190 166 -200 148 107 -199 -185 -19 80 188 -73 -186 -78 243 -248 76 -47 -70 -230 -91 176 31 158 201 173 -136 91 -6 78 152 237 -85 63 185 23 215 244 -39 45 216 131 -158 -63 -209 -87 -225 47 -221 57 82 -12 49 200 -161 -113 -239 -183 -4 -98 81 246 -211 -22 87 191 77 187 -5 -222 -27 143 -115 38 -162 -43 -178 -96 -145 -236 135 -49 130 75 -62 -126 -93 -64 222 233 -94 17 -167 -53 181 212 -194 -97 -50 26 195 52 167 68 69 123 139 41 -66 -206 -111 -242 11 92 193 -241 -77 56 104 -86 230 -169 126 -224 -207 -108 -74 -243 -122 -36 151 -240 10 89 -76 -21 -247 4 -120 242 232 -54 -152 122 159 247 18 -203 228 -175 207 105 54 118 -71 211 160 -173 236 231 61 84 161 -220 94 102 155 241 120 -142 124 50 62 -159 -127 226 144 15 198 8 -101 97 -219 -157 71 83 -40 -9 -198 85 -227 79 -195 32 -41 27 101 -164 -112 90 -79 -69 -25 -38 -89 -208 189 35 111 34 -182 -105 -92 20 37 -67 -28 220 162 65 33 -45 199 5 156 53 -193 -81 -35 -31 55 42 -57 67 -16 -212 -44 -213 -1 121 -95 179 174 1 7 -58 128 -244 -146 -234 40 223 -233 140 -46 175 -133 -18 24 -250 -216 -132 -61 -104 -192 114 -151 134 132 208 39 -118 -246 -189 -176 235 -160 -153 -109 157 100 -228 184 -116 -201 -218 -100 -249 21 192 60 -34 127 -149 70 -60 117 -140 221 209 -131 -90 165 -56 -11 -179 113 197 115 106 -165 -138 59 -8 6 205 -26 -187 -237 -37 19 14 9 -103 -171 -33 -190 2 66 36 -75 178 -110 119 213 227 147 214 170 -121 -196 -128 116 93 -106 -17 -202 136 138 125 72 133 149 -139 -147 -137 141 -7 88 44 -150 168 -245 109 -15 30 -210 -215 -238 103 -135 172 -125 110 240 -88 -117 73 86 -180 -20 -119 -226 -148 25 -181 13 -170 153 164 -124 -10 -83 -143 -172 142 -235 169 -184 -2 154 -102 137 234 -217 43 98 -197 -191 -168 -188 249 217 51 46 -129 -68 -3 12 245 -72 182 -141 -154 -214 183 -99 206 -52 -174 129 -114 -223 202 -80 112 -30 -65 -24 -23 -13 150 29 224 96 -231 -123 -163 28 
TEST 8 ARG:-168 144 62 -139 178 -16 8 219 49 -145 82 58 192 -41 -218 190 -153 -245 54 2 161 206 151 -228 130 46 -100 136 134 -229 -114 -102 -198 218 232 -4 -164 104 3 160 -203 -116 244 7 -7 -240 -52 -46 -60 -11 -13 76 -209 85 183 114 -195 168 33 -135 -161 -146 -97 4 -106 100 91 241 -47 -173 116 -75 165 -216 124 -58 154 182 -131 -31 94 -112 -73 -8 88 132 90 169 -166 229 236 174 -169 -249 -238 196 6 -77 -189 -42 21 -250 149 -67 52 207 69 1 209 20 -162 175 -56 -65 -108 -101 -158 36 -48 -18 -224 70 23 -248 -231 -109 -151 217 -217 -174 -26 -39 60 193 -76 -219 -132 -184 84 61 -59 199 19 135 112 -134 -88 -93 120 146 38 -163 139 -99 177 57 103 -91 -1 -33 -225 248 129 71 -57 -122 110 237 59 -44 179 17 -78 -5 12 34 -15 -137 -40 -22 -175 -242 43 186 10 -45 -204 -207 -50 -193 28 222 -119 -150 -17 -120 102 45 109 -232 243 233 240 -138 -215 247 -19 -142 188 211 173 -188 -190 242 -136 172 -183 208 -196 204 -105 73 238 153 205 68 37 213 -244 92 202 -95 -165 133 -34 -96 97 235 -181 72 -187 -110 180 -133 -54 -107 -84 145 155 67 11 -79 176 105 -63 148 -6 210 -243 171 -24 98 123 239 -201 159 78 -10 224 231 44 185 -23 200 -179 152 128 163 -152 215 -154 -194 131 -223 74 -200 -92 140 245 -227 -21 -213 -113 -43 -208 -147 -171 -233 -83 -182 223 -140 156 -80 5 -90 -222 -192 95 83 99 -66 40 220 184 -118 -199 14 -230 9 -214 -212 -27 -35 -221 29 -74 15 -32 -12 -124 -180 201 -159 -149 -28 225 -38 -53 -197 27 77 203 -25 47 226 -206 118 142 -186 170 194 25 86 -185 107 143 191 -202 -2 -127 -68 167 -30 -176 75 22 137 -148 197 -103 -89 -70 127 111 48 55 -126 -160 -69 18 -178 41 -85 -115 108 -226 -143 32 -55 79 -87 -82 187 -29 -81 -49 -170 -104 16 93 -234 230 -191 81 212 89 -144 -237 141 -177 198 66 80 -121 -20 117 51 121 221 53 -211 -246 -236 39 -51 -130 158 101 181 -86 234 -9 -210 216 50 119 246 -156 56 227 -14 26 -172 64 -37 -220 126 -239 166 -62 63 -125 24 189 -129 -141 -111 -155 -61 115 13 -247 35 214 -241 -128 125 -71 195 -64 65 113 -117 150 -36 138 122 -235 228 106 164 249 -3 30 -98 -157 -123 -167 87 -205 42 0 147 162 96 -72 157 -94 31 
TEST 9 ARG:-220 -132 170 -107 -199 -148 -195 -166 124 204 -242 -13 187 171 -86 -20 109 -94 -46 71 74 -100 176 244 36 -16 -204 48 -59 -155 22 144 205 135 -185 195 -69 131 -183 -121 -76 -240 -160 -28 -180 -223 -152 101 -6 117 138 -123 193 -110 -25 -159 151 -124 -84 166 83 217 -150 198 -14 104 -165 15 -29 191 -164 -130 -219 222 158 1 -19 -72 -217 201 62 155 -162 164 133 192 -52 -211 42 174 -15 -247 -61 241 -246 13 230 -207 75 -63 -186 25 115 -175 -126 -102 139 89 -205 207 67 -189 -56 0 -235 -116 210 39 -208 107 82 169 -57 50 159 -112 165 34 88 -88 172 186 -27 10 122 -10 -226 -70 137 98 -18 -41 57 180 59 91 120 224 185 -81 -128 -145 228 63 -182 -113 235 -215 -229 -79 -234 -248 183 7 -151 -227 68 146 226 -203 208 -232 -131 -49 3 94 6 232 102 -249 126 177 154 -139 66 -68 -80 65 -214 203 -67 134 197 -31 -127 -82 150 168 211 149 -38 80 -105 202 -174 12 -65 47 188 -4 -192 -108 -85 -1 20 -17 -119 -144 206 105 -89 157 -39 26 227 43 -115 -161 -8 30 -36 233 -209 64 95 156 35 -163 231 -171 -106 38 -213 184 96 -58 -231 81 -71 162 -228 -233 72 41 240 -64 209 243 28 -221 -54 99 223 213 147 -48 -167 119 160 86 220 -200 33 -143 93 -73 32 53 69 229 -202 -95 -129 60 9 -51 45 52 196 -137 8 -230 110 -111 24 40 -23 14 -33 79 73 216 -11 167 -5 -154 -168 143 -141 -197 -178 -42 -184 118 -26 -210 -97 -245 -99 29 128 -104 -187 182 -50 125 -239 85 219 -34 -3 200 90 178 -179 -66 -98 103 84 242 -21 -53 97 212 -32 106 -114 -238 -78 -236 -37 -122 -12 -47 -206 -237 136 -191 -44 -201 54 46 -103 58 87 -196 -212 225 215 -2 -43 -91 173 76 -181 56 238 -140 -138 -45 51 -125 246 -117 140 -157 -216 132 44 179 141 -7 4 -198 129 -133 142 130 -75 5 -172 -135 -92 -118 -250 189 17 -60 175 49 -176 152 -243 -194 -22 -153 -158 18 -9 163 153 -146 -83 19 -35 114 -225 77 -193 -136 -24 70 161 247 112 -74 -120 31 -147 -244 -218 239 221 -96 199 -149 -222 78 100 -134 -62 -93 37 145 -169 113 111 11 236 121 237 248 218 -188 -40 -156 181 -142 92 116 -241 -101 21 194 249 108 -30 -90 -109 55 190 -77 -190 214 27 -87 245 23 2 123 -177 148 -173 -224 234 16 127 -55 -170 61 
TEST 10 ARG:-133 184 43 -121 -150 233 -146 -66 11 106 -245 -76 -108 215 79 18 189 246 113 -131 227 48 -191 -134 19 158 39 236 61 226 31 -102 -230 114 218 -151 76 13 185 -221 -164 187 -145 68 82 -42 -214 -68 15 142 100 -50 -114 -41 121 -96 -139 -154 32 8 83 -4 86 22 -85 197 88 133 -39 123 -149 66 -123 58 33 -6 -126 146 -61 195 217 -78 -1 64 237 151 141 -173 -199 120 240 -224 -98 77 16 -163 219 126 4 -113 -129 224 -37 -170 -8 -206 165 -159 -104 -231 -106 107 245 -36 -72 -242 -88 54 -47 -15 134 -235 -232 101 110 222 248 -74 -97 62 24 -105 -203 111 92 -77 -92 42 204 140 181 -233 159 -19 -169 211 -57 -81 -238 94 44 5 223 75 230 205 -56 35 -175 -137 99 59 -185 221 -179 119 193 177 17 -197 -101 -147 102 56 -53 -26 -160 -89 -118 -246 -217 -11 -45 -225 50 112 38 -220 -234 -9 -12 104 -222 -84 208 125 -13 180 -115 -155 -172 247 131 84 36 -216 -55 73 -210 27 139 -32 183 -161 -40 60 194 -33 -241 -243 225 192 95 -83 47 137 -213 -174 -24 201 -10 -3 25 234 67 -58 91 -182 -119 213 -244 52 117 -60 1 -196 -109 232 241 -48 171 -248 -212 -193 70 53 -177 -165 40 209 152 45 147 -79 -90 -27 -59 -162 -14 -190 -71 -249 170 229 -111 89 -237 103 -153 -138 -122 -156 -183 198 -20 214 128 -54 -29 150 249 -240 220 -132 -168 -141 -144 81 161 -223 231 -46 -215 3 175 -80 72 -128 -34 155 98 182 202 135 238 -30 -21 9 157 87 108 -117 -82 207 6 191 -136 -229 -187 144 -125 37 10 -127 -116 28 -120 199 80 -87 93 -205 -16 -69 -73 -35 -95 138 118 -124 41 29 242 -2 -166 -209 168 57 216 124 -86 -167 -142 -207 71 -112 -64 173 143 -43 -180 -157 -17 -49 2 203 -75 200 -211 129 14 26 169 -181 244 96 153 -63 188 -110 105 -135 -5 -28 -70 154 -148 -52 -143 -192 51 212 122 -65 -178 30 178 -228 -239 228 63 21 243 7 0 156 -204 -107 90 160 206 109 -188 -219 145 -195 -226 116 -186 -152 176 235 -91 148 190 97 65 -44 210 -23 46 20 -22 -176 -200 -67 179 163 -7 186 196 149 78 172 -51 -31 69 -140 162 -227 167 166 34 12 239 164 -202 -171 -62 174 74 -198 -100 132 -18 -208 -184 -158 -103 -130 55 130 -250 -93 -201 23 -189 -218 136 -236 -99 -94 49 127 -194 -247 85 -38 115 -25 
TEST 11 ARG:-248 -156 126 127 143 -28 159 120 -226 108 -148 243 -200 225 -175 212 -250 67 92 -132 140 93 54 88 -49 -42 184 -119 16 -141 -218 -96 109 -41 24 -116 -236 -19 66 -219 -214 211 -240 155 -51 -215 -137 -224 161 177 -131 125 202 -204 83 39 97 158 223 -97 42 -129 96 110 87 -173 -62 201 -192 124 160 -120 -234 -128 -91 0 -26 -162 91 169 138 69 -106 192 -100 195 -58 100 180 -227 5 -99 -182 -114 197 104 219 -150 -118 -205 117 36 188 128 229 -86 113 163 -50 22 -76 157 -9 40 29 137 119 75 -125 162 -6 35 152 95 -112 121 -69 -23 17 19 1 -57 -180 68 -136 -124 142 178 133 -220 164 70 -242 132 -153 -67 -165 -82 -89 -113 -197 -85 61 -13 -233 21 -211 249 15 -145 -186 -117 -59 -199 248 214 228 4 -79 139 -11 -144 122 -17 207 -56 -152 102 153 -147 -207 130 56 -80 -170 72 150 -34 -115 -37 234 11 -127 -241 204 -202 -65 129 -230 -195 -35 216 -109 227 103 179 131 226 78 -171 84 27 123 -18 -39 112 107 89 -64 77 -231 -198 -12 6 23 -188 -31 -191 118 206 147 149 34 194 -72 209 71 -121 18 -217 -203 -104 -238 -81 -159 144 -92 -94 231 -123 217 -103 65 59 -61 -237 168 -134 37 -70 -243 141 171 -244 -122 -25 205 190 165 12 -55 -33 215 -178 47 -193 20 -164 -24 198 235 -16 -176 136 116 -87 14 55 224 62 -201 -54 76 -21 -133 -95 60 -187 145 -212 -8 191 196 -210 167 166 -179 -140 -105 -90 90 210 -48 -166 7 -208 208 -239 -190 237 -78 -43 -3 242 57 115 -63 -245 -174 33 -184 -71 114 174 156 -163 111 213 2 46 170 48 -146 -206 135 -27 49 -213 -229 -14 32 10 -5 244 -60 176 -126 -222 134 58 -246 -189 -135 -169 154 -29 -221 81 233 221 186 -168 -142 -83 38 28 -68 74 148 -44 53 -7 -38 238 30 25 -2 -143 -88 -74 239 247 -223 -53 218 -102 240 146 -52 -110 43 98 -130 -149 80 193 -232 44 181 -155 -172 187 -75 200 79 -1 185 106 99 105 -107 -73 -167 151 -15 -209 8 -98 -247 94 -46 -30 3 -47 -157 -84 220 -158 -249 246 101 51 -151 -66 230 -196 31 183 -160 45 172 -4 -36 -225 -216 182 -32 -235 26 173 245 -108 -77 -228 -183 -22 -138 52 -93 -20 41 -10 63 -111 203 189 86 50 13 82 222 -40 199 -194 -161 236 -139 -101 241 73 64 -181 -154 232 -177 85 175 -45 9 -185 
TEST 12 ARG:-247 -187 65 220 190 -23 -35 122 160 74 -195 75 -40 249 -86 -130 152 -177 149 4 -67 -102 87 -32 62 -135 170 -78 193 -34 230 -186 -150 208 -158 165 103 93 66 -143 244 -184 25 52 -99 137 -154 172 117 176 -220 -87 -221 161 -119 -79 97 -36 186 185 -24 105 -153 49 175 -207 99 -114 129 223 24 -126 116 -204 -65 -85 -129 -193 -123 -147 15 151 -151 9 -203 -97 -209 -116 224 57 68 -115 143 182 51 90 -225 59 -22 237 46 108 85 -110 -157 19 -20 -164 -155 130 -163 3 209 -183 58 -169 13 -9 199 236 32 -94 -176 154 -113 162 132 -192 189 174 204 83 -121 138 195 -10 -15 240 -161 -88 228 -248 163 -132 -214 -19 171 127 -117 84 146 -74 -91 -21 -172 -75 -72 94 -83 -242 -44 -105 213 82 -16 -71 47 16 -27 -100 -137 36 -160 140 27 20 -6 169 -90 70 128 -237 242 72 -138 184 -236 -68 -4 109 81 -98 96 -52 -199 -168 -81 -233 22 123 5 229 153 166 101 207 -125 -70 42 -17 14 -145 135 -235 -216 -191 -103 64 173 -181 -18 200 -43 -227 37 232 -1 -201 115 44 -127 -222 234 -230 214 -118 156 -190 38 89 -30 -3 -240 -249 -142 -156 28 92 -89 107 -49 -219 246 217 45 -179 187 121 -37 23 48 26 29 -39 39 10 -128 155 -162 -80 -7 144 -211 100 55 202 157 -149 248 8 133 150 226 -165 -188 -55 -84 -106 158 -213 -244 30 -228 77 61 197 -111 -38 114 -101 -152 88 221 211 1 -223 6 -182 -60 -82 35 -95 -104 -26 164 147 119 -173 198 -48 73 -47 125 -76 -124 113 222 148 -246 11 -141 31 205 243 78 179 159 -231 -206 168 -33 43 69 -200 227 18 131 -12 -46 -140 -136 235 183 231 -189 34 178 191 241 -146 -185 -224 -92 245 -45 -144 192 180 -29 -53 -13 -108 -59 -212 -133 141 91 142 -217 -243 -63 212 124 -28 -171 206 71 216 112 -175 -166 -69 -112 -107 -96 -239 -8 -202 79 7 136 56 -139 201 111 -122 233 203 139 -66 225 -205 120 17 41 33 -218 -197 -25 -93 86 -5 -14 53 -51 50 177 215 181 110 -120 106 -109 126 247 -196 -208 2 95 0 -232 134 219 -131 -54 -238 98 238 194 -58 104 -62 54 196 -42 -170 -215 -245 -174 -194 -73 -167 118 -41 145 -226 -56 -159 21 -148 63 -234 -178 -2 -77 12 -11 -198 102 80 -241 188 67 167 210 -229 -57 60 -250 -180 -31 -210 -134 -50 218 -64 40 239 76 -61 
TEST 13 ARG:-145 -106 82 35 -224 9 -128 -134 246 -74 220 108 98 72 -14 -82 -232 -136 -123 -242 -88 0 183 -124 26 -187 154 -104 -132 -144 -17 160 -25 -5 94 162 -46 -169 -76 60 164 30 -158 247 -6 3 -89 -244 143 89 -120 -233 141 140 -19 66 203 -153 -163 -223 172 105 -115 -66 117 -48 -218 -130 -220 185 -186 63 -41 37 142 -202 -33 -222 139 -215 155 -26 -248 54 -67 168 171 103 -32 -58 -47 191 102 95 59 69 88 229 -167 -99 -126 216 -131 -166 -243 -195 153 48 123 -246 13 -231 149 120 -197 188 180 -137 85 62 2 206 36 -105 -101 96 81 -63 134 -91 190 -73 67 10 -156 151 145 167 75 -172 156 -209 -174 189 147 -203 99 58 -168 31 -216 -159 148 125 -81 228 6 124 -103 52 12 40 -189 -54 -64 232 -23 32 -161 93 144 68 15 -109 -13 -83 -182 -3 -49 116 80 208 -90 -230 114 187 -212 -94 248 173 202 -69 -7 224 8 104 -62 38 79 -214 -44 205 219 53 -207 -11 240 -12 71 158 -205 -16 -1 100 170 -51 -200 -193 -70 128 106 -219 -98 65 -10 174 -24 -65 -127 -9 -138 25 -175 91 49 198 130 -208 -201 70 157 -119 -133 -171 56 -117 238 7 73 -50 -125 -53 -164 -139 230 196 -250 235 241 135 -113 152 -30 234 -199 -152 -135 112 -245 126 -71 214 -110 -38 -78 169 -226 97 -190 -140 245 -146 -15 -143 122 -221 118 227 226 -36 138 115 -238 239 -149 111 28 -142 22 -60 179 -160 41 244 50 43 83 -204 57 -111 92 201 74 223 34 -198 21 -85 87 121 210 -236 44 -228 166 233 137 186 -35 159 -116 181 -235 61 -225 150 -229 -210 23 127 -211 39 14 -157 -240 -21 207 165 -8 -37 237 -112 -185 225 55 192 -150 -114 42 119 -176 212 -183 -155 -4 -154 -39 200 47 -102 132 90 19 199 -180 24 182 86 -107 -188 -18 -72 -77 131 176 16 -29 -31 161 -45 -249 218 27 11 33 46 4 221 -196 -52 -79 -108 -192 -241 109 213 -181 113 184 -100 -121 -234 76 -217 222 -213 -165 -56 -96 -191 129 -27 217 -151 -20 -97 18 -95 -147 -61 5 1 -57 178 236 175 -93 -55 -162 -2 -80 194 -239 242 17 -118 -177 -194 -227 -68 -206 -122 110 193 64 -184 -237 -179 -75 -173 177 231 -86 45 -87 -28 -42 136 163 101 84 209 107 20 51 146 204 -84 -92 249 -247 -141 -40 195 -59 29 -22 243 -170 211 197 77 -148 215 -129 78 -43 -34 133 -178 
TEST 14 ARG:-195 225 -72 -123 -99 9 -40 -209 -149 -182 -43 -249 108 115 -225 -59 102 247 0 -1 217 -199 167 41 -243 10 -122 -223 -211 200 -172 -181 85 33 140 194 -41 27 226 -191 110 101 -98 -3 132 14 52 -91 78 189 199 -75 -5 -248 -192 166 -66 246 100 91 147 38 -158 227 44 74 -143 4 -115 -19 65 -111 139 233 -69 121 -135 -107 -106 -88 -179 -97 -247 198 -204 -200 56 218 219 -18 -7 35 -168 -65 -89 -244 228 -108 -198 -151 -52 -212 164 49 155 -29 -173 -129 213 201 -57 241 -178 -103 -229 -61 -216 66 -78 -94 15 7 24 -55 187 88 -47 117 249 -234 169 -130 -28 123 137 97 -231 57 -150 185 -228 -62 165 111 106 -30 -11 18 51 172 -141 60 -79 42 -155 -205 54 -21 161 21 -160 239 73 122 -44 182 -190 -146 -238 -250 242 -215 -36 -51 -194 178 240 -134 -93 -188 -2 -152 -222 8 -136 -245 -125 176 211 -90 120 171 -81 -45 94 244 3 -39 39 -196 215 -87 154 -16 153 -197 84 129 -37 136 128 -131 142 234 79 -15 81 71 -33 -208 -176 5 -54 174 208 224 151 -214 75 72 -239 -233 -84 -184 113 -246 -147 -138 -241 146 -58 -230 -100 -117 -124 -232 92 105 53 -183 222 67 119 179 -12 181 22 175 -101 -139 -48 -67 156 -121 -156 -34 -170 -217 212 -213 -86 55 96 184 40 173 -102 109 -109 -187 133 231 -162 -218 -206 157 116 -220 125 30 -159 -70 16 196 243 -4 -14 -201 13 148 -127 188 12 149 -242 141 -71 134 237 -77 107 -113 205 -140 -22 -8 152 31 -132 61 83 98 114 -105 210 214 2 -35 64 162 29 69 -38 -46 207 -82 -50 -74 -23 192 -53 70 177 -73 -10 17 36 -180 -92 -6 -63 82 89 -169 -119 135 19 62 -110 238 180 127 -219 -186 -193 191 -153 90 -226 112 32 -56 -166 80 103 34 -154 -76 76 -83 158 -116 -64 235 45 -142 -240 163 -114 190 -174 87 11 209 -207 -49 77 160 183 159 95 195 202 -20 -126 -202 -171 248 -163 -148 -164 -235 -25 245 26 124 131 59 -32 203 -26 -95 50 93 -27 220 37 150 6 20 -13 223 63 221 -42 186 197 -80 23 -128 47 -112 118 -137 -161 193 -85 -60 -165 144 25 -236 68 138 216 -120 143 -221 -175 130 170 204 58 229 -210 99 232 206 -185 46 -68 -177 -96 -144 -224 236 -17 -237 -145 1 -133 -9 -227 145 230 168 -157 28 48 -189 -24 -104 -118 104 -203 43 -167 86 126 -31 
TEST 15 ARG:211 -4 75 -16 -14 -67 198 36 47 173 154 87 29 -178 -166 -241 -186 -111 241 86 -187 56 -41 138 -208 -115 81 170 197 196 -114 -219 -36 -10 100 199 16 169 193 35 121 -58 -73 168 -97 -161 -164 -47 -117 142 -244 -133 233 -218 -201 31 -242 214 -182 33 -78 135 117 127 226 20 45 146 -104 5 -109 -206 22 -234 8 0 239 213 129 102 70 92 -172 -146 -17 1 72 -184 93 -177 -148 -29 119 -37 -129 -34 -124 -66 133 -55 9 66 -239 -215 -155 223 89 188 -95 -6 -11 -160 37 -26 17 -42 -68 207 -212 140 161 -77 192 -196 -249 236 216 221 179 98 141 195 -144 238 -2 -168 218 -220 -123 94 -226 -210 -74 172 -151 51 55 118 84 97 149 225 103 -181 -185 53 232 152 201 143 -131 202 246 -202 21 -163 73 79 88 -94 189 -224 39 107 178 95 177 26 -153 158 -88 78 -33 -145 244 -102 64 -250 164 -248 50 182 162 -192 -165 110 -38 -93 63 -122 111 -116 230 120 -45 -92 -49 155 -152 4 -100 -82 139 180 -85 -87 -243 30 80 -40 243 -138 -3 49 -179 -71 123 40 -180 -54 222 -141 148 61 -21 115 -64 71 215 59 -105 -9 157 -229 -119 -12 -232 -195 -35 183 -223 -101 -108 90 137 15 -130 -205 124 -228 203 52 245 54 190 -231 -84 227 18 -80 -149 -140 122 219 159 -31 184 235 -159 -222 181 175 249 69 -197 11 -75 -118 200 -203 210 62 -89 -246 65 -30 187 6 -214 -65 -63 -27 -221 67 186 -8 -83 -90 185 -193 -128 208 3 -237 48 -15 -173 -169 -72 -233 -175 191 -7 -25 134 114 -28 176 82 -209 165 -162 -156 -70 -50 -235 -213 -240 -245 -91 -188 7 128 224 83 163 -22 23 -216 -69 104 -18 -170 -127 -204 41 -13 171 25 145 38 -132 136 150 131 -247 -125 -142 -225 -103 151 57 126 32 174 -53 -107 -96 209 -62 101 -86 24 144 -23 206 43 -198 -217 160 -81 -24 242 13 -147 -99 -236 247 -174 237 -230 -134 228 166 60 99 -1 229 -57 -56 -61 -176 -199 108 -189 27 -190 156 204 77 34 147 -120 109 -79 113 212 85 -121 46 -227 -20 96 -238 -48 -154 -143 240 74 -157 12 -171 132 -137 -126 116 -76 -194 -44 167 205 194 -211 234 -110 28 -112 -150 -139 -46 76 -158 105 217 -200 -32 -19 42 19 -135 10 106 -39 -113 112 58 -52 -43 2 -5 231 -167 248 -183 153 -60 68 -136 220 -106 -207 44 -59 91 -51 125 -98 130 -191 14 
TEST 16 ARG:225 -82 17 -89 190 177 18 -142 -140 -4 -21 -54 -154 170 61 218 116 -114 -242 182 -144 -78 7 -169 -27 71 -245 -196 -12 202 -186 -125 68 -75 -80 77 42 55 -25 -122 -94 89 201 -124 -97 -120 14 60 -37 193 -33 209 -118 83 -48 99 114 -241 -250 216 229 179 -51 -79 132 227 112 159 95 -228 -198 -181 -41 44 -55 -3 -215 5 -183 113 -73 -43 -72 174 26 233 235 46 222 -34 -221 48 -249 -84 -185 -187 12 -179 38 115 232 -127 -243 63 -8 -106 -115 -65 58 155 96 3 -159 102 147 -139 -108 -235 -70 109 -42 -62 -121 104 -145 118 107 -52 189 176 -130 105 117 -50 162 226 221 164 69 -167 -230 -237 -192 -1 -63 -166 230 -10 -207 -49 -18 -157 -92 -101 188 126 21 -232 98 184 -135 -104 -246 -190 -222 -153 15 103 51 129 10 -176 -152 237 -126 -220 -173 167 -161 53 76 120 228 124 41 82 31 -5 161 137 -60 136 -146 -17 157 213 -22 -189 246 197 203 88 211 175 -23 223 23 -58 -39 -211 -66 -248 93 -193 70 -151 -236 -137 97 -30 67 127 101 24 -61 -182 -225 30 79 -90 27 -107 131 19 91 214 -111 217 128 11 8 -47 -26 142 -209 -163 -38 248 -87 -2 -160 194 -99 -216 -223 -136 208 -36 25 6 40 -238 -202 -56 -15 54 -208 110 -150 -174 -201 -175 -172 210 -206 199 -88 245 -240 125 81 207 -212 -35 -14 -105 -57 -226 146 -244 -109 244 -45 171 -85 181 100 241 247 -91 -93 -184 32 36 -229 -110 -214 151 -234 154 195 65 86 238 -178 -141 139 119 1 -197 -148 -9 -119 39 243 -199 172 -162 -218 140 196 185 56 -59 87 141 206 -247 -103 -168 -205 249 148 -24 43 183 -200 9 -96 -147 35 66 -98 90 150 -133 73 84 240 169 135 -171 50 -203 20 186 72 -213 156 -13 49 -112 242 -128 134 121 -227 198 -132 130 -113 -68 85 33 -76 -11 138 2 28 187 231 -31 -134 143 191 59 -129 -28 -16 -224 220 62 239 -149 122 215 78 108 57 149 64 -164 -138 13 -95 -217 133 -156 192 144 -158 -143 -32 -204 -116 178 22 -155 160 -81 -71 224 168 -188 -117 173 -239 16 -69 -194 29 52 -210 -6 -7 236 -19 -233 -77 180 -131 234 -67 80 212 92 -165 -231 205 -219 -46 74 4 0 -44 -170 -83 106 -40 -102 -123 -29 204 75 -86 45 158 94 123 153 165 219 -177 -20 163 -100 111 34 152 -180 -53 -74 47 -195 166 200 -191 37 145 -64 
TEST 17 ARG:-27 -64 177 -70 47 201 -118 197 -122 188 -37 -71 224 184 -87 -140 -20 -132 227 -67 -199 3 -55 -60 -45 120 -235 216 -137 -139 31 97 -183 30 -156 -186 12 -189 198 128 86 -249 -150 -180 -124 137 73 -123 243 -85 229 230 193 -192 113 -161 28 22 196 99 -212 206 16 -112 -13 75 -23 67 -242 219 121 -106 -25 174 90 218 -198 -103 176 14 221 101 -43 68 102 -149 -19 -92 109 183 -147 6 -72 124 -197 -41 -187 -173 114 -116 126 143 -207 -205 -114 -163 -211 -185 -153 -35 -50 49 -14 -69 -182 -89 122 79 146 -104 -164 -58 -77 -26 -246 -240 -9 -7 -61 228 -143 -233 96 235 72 -11 -75 -34 -42 -8 82 -91 162 -22 24 -130 -138 134 -80 -176 -78 53 88 181 223 213 -133 -228 11 -105 186 -219 -108 172 -5 -232 -221 8 62 -59 -196 -154 -201 -223 238 -12 -210 207 155 76 50 -203 63 -52 -38 -68 -160 226 -181 -90 4 151 -202 87 -144 15 -21 130 -111 23 66 -24 -166 105 -48 -51 -215 111 64 158 241 147 78 -54 234 2 231 175 -73 7 -230 84 239 -88 132 -165 98 -56 -94 205 195 -225 242 41 85 237 -44 -141 -83 131 160 -178 -119 211 190 240 -115 -134 -102 -46 225 200 -95 -4 202 214 215 -200 -117 -97 112 -93 -238 199 -32 -79 138 93 56 32 116 -40 169 -81 -239 -18 248 222 -30 46 69 -247 -237 -236 -241 123 -15 -107 141 -31 27 42 140 9 129 -243 43 -10 189 10 115 249 -159 17 -174 194 165 48 173 -100 244 -84 -206 -170 20 204 -120 100 -135 150 -222 103 19 182 180 -168 -224 135 -162 -188 13 145 166 -155 80 107 191 163 -204 36 117 0 83 -157 89 178 1 -231 -148 233 154 -248 -179 -218 246 139 -74 44 92 144 153 -28 171 -245 -2 -96 34 157 37 -131 245 125 -33 70 108 170 136 -226 -53 220 57 -208 -1 -16 142 -193 60 -29 -136 -62 -65 29 18 118 -39 -172 -57 187 -121 39 -3 91 -47 -158 208 110 21 212 38 104 -146 45 -17 71 -171 161 -98 -229 156 192 74 247 168 -86 232 106 95 58 81 -151 -127 -63 -234 -129 -244 54 179 -190 -109 217 65 61 185 -142 -169 -49 52 -175 -6 40 94 203 167 -217 -82 149 51 5 209 148 -194 35 -220 33 26 -99 -209 -177 25 152 164 59 -110 -36 -76 210 77 133 119 -191 -66 127 -152 -145 159 55 -216 -250 -128 236 -113 -167 -214 -126 -213 -101 -125 -227 -184 -195 
TEST 18 ARG:140 65 -123 197 20 134 -43 -115 72 233 146 26 -19 -114 -154 -168 -52 23 225 187 -25 196 -17 -216 211 -178 -100 179 35 6 -196 10 -117 100 249 -94 -221 203 174 -80 31 -245 -79 -208 198 68 114 -118 -225 177 87 53 55 152 168 79 90 -237 104 -119 -162 206 -161 -15 -181 247 -138 -165 -107 158 119 -171 64 -212 112 -217 85 194 -101 -31 9 109 51 -128 149 61 -97 -98 -175 238 -56 201 160 -12 137 232 91 47 -4 -67 -95 -116 -155 -209 170 -63 -37 231 242 -111 165 52 -57 -156 248 -66 -185 77 136 -9 71 76 -54 -76 -55 -214 192 -174 195 -68 32 159 148 115 237 -42 33 133 0 -180 30 244 245 -238 -151 -70 120 -75 -149 13 214 236 -250 -47 -226 37 -29 -135 -234 235 -2 156 22 -53 -200 -172 92 219 199 -150 151 -160 172 -87 40 -3 48 223 -22 227 -169 73 -239 138 240 -246 184 49 46 -170 -140 -33 -10 -62 -65 97 208 -199 94 -51 246 -176 -201 -83 99 -157 169 -23 19 -231 -93 38 -6 -41 -13 43 123 222 103 -197 88 -244 -105 -71 188 202 -84 147 -164 -88 -108 128 44 -141 78 -48 54 -195 -82 -183 171 -132 50 16 173 -152 17 27 -211 -58 -8 -26 180 28 98 -59 -60 -134 83 129 -89 -5 -179 -235 -73 -192 -136 126 24 -148 2 -91 183 -125 -190 -96 -106 -20 209 178 8 122 182 -44 154 161 95 -99 -191 42 15 101 -61 -189 -158 -203 215 -210 -69 175 -124 228 -227 63 -202 -166 69 -11 -16 107 70 -90 163 -219 75 -243 124 -232 -233 -146 -49 141 89 216 -74 1 39 210 -24 82 153 -137 -45 -194 -242 -112 -142 -187 67 106 -167 -1 213 -215 -110 14 -85 -104 224 -218 127 -77 162 221 241 -224 -32 108 -236 -35 239 145 116 34 -129 125 110 205 45 -72 204 -249 -228 105 -143 118 80 212 -18 -204 -193 -131 185 -78 -222 -205 220 -144 -198 -130 -30 29 -240 62 -241 135 25 111 56 -50 -248 21 -39 189 -120 -186 59 41 167 3 207 -38 5 -122 -103 4 58 -153 -182 130 -14 181 -177 132 -121 143 -229 -188 -109 -102 217 7 131 -133 74 243 -36 226 121 164 57 142 218 -147 117 -127 -40 11 -230 190 -247 -163 12 -86 -113 -139 -64 166 -46 -173 -28 36 -207 -21 193 93 155 150 18 -206 -34 -220 -159 200 66 -223 230 -145 60 144 157 86 176 -184 84 -126 -81 102 96 139 81 234 186 191 -92 -7 -27 -213 229 113 
TEST 19 ARG:-12 172 142 100 -107 -39 -28 -242 28 102 -149 -170 158 191 -222 111 -100 -109 -41 235 -229 -236 -241 -42 -58 -97 -181 -108 62 159 186 -244 -197 -142 56 -53 200 -68 -96 -71 -20 18 177 78 120 -209 116 58 -141 -99 136 -44 -167 -157 -115 70 210 -101 -152 -87 -45 222 30 104 -217 233 76 144 134 16 -82 204 110 -148 22 -16 245 84 207 -161 89 -29 73 -30 132 -127 103 216 -223 -191 -172 133 -185 187 -80 -207 220 3 94 125 -228 123 239 81 7 206 -18 223 -233 -187 -145 -212 193 96 80 -232 -200 232 -91 23 90 106 -25 215 135 -86 74 129 -13 -79 138 -24 -194 164 168 49 -166 -70 -155 198 -126 57 213 -34 -2 -132 145 5 -7 141 32 48 -62 190 -192 2 -204 -61 107 69 21 243 149 -150 -220 -32 -180 24 25 230 203 -202 -72 -201 -240 -59 -128 97 224 -110 -214 -190 241 -130 -250 85 51 -98 242 121 -51 -21 -248 185 60 -246 66 178 194 105 169 -171 181 -11 13 -60 109 -65 42 9 229 -69 -93 -40 124 -3 40 237 -137 34 182 75 -154 31 -138 15 -249 130 68 38 -111 -66 92 -193 -160 -151 -186 -213 174 157 154 -122 -119 137 131 17 192 64 189 6 -94 -1 -46 -85 176 -234 -78 79 180 -169 166 155 -37 -103 113 -57 122 -50 -118 -231 -5 -48 87 126 143 -4 55 -184 218 201 93 33 -83 -147 -215 63 -117 199 146 -73 234 -38 -162 -54 148 -23 -55 118 53 43 153 127 163 171 -139 -116 -52 50 209 115 4 -14 59 45 128 188 -159 -143 -76 -43 -92 112 -33 -95 39 10 -74 162 -124 27 46 -199 -226 -15 119 195 151 211 36 71 54 -165 167 -179 -218 99 -63 -153 219 47 231 -88 -206 91 -131 -216 249 -102 -134 101 95 -208 88 -245 -64 -219 11 -168 156 117 114 -77 -75 214 14 -104 -106 -113 -10 52 -120 170 -123 -237 -6 184 -247 140 -31 -84 -239 -47 -112 -35 8 -182 -235 -140 -17 -173 221 -230 212 165 29 -89 12 173 247 -177 240 82 -81 61 196 -105 -189 -146 -227 226 175 41 244 -9 -178 197 -224 1 -205 -129 227 236 -163 -26 217 202 26 -156 225 86 248 37 -243 -225 160 -27 -144 -210 -36 161 208 147 -8 -90 -121 -176 -135 19 -198 108 179 -183 35 183 98 -19 -158 246 44 -196 -164 -175 -49 20 0 -174 -195 67 -221 150 -188 152 -125 65 139 228 -203 77 -22 -67 83 -133 205 -136 -238 72 -114 -211 238 -56 
TEST 20 ARG:-186 223 188 155 18 159 -113 212 66 77 232 240 132 51 -3 -156 -61 -181 -129 -184 85 245 -220 -33 -16 0 95 76 -60 208 71 200 -117 70 4 -10 -84 -245 -97 -114 167 -150 12 -63 108 219 156 -74 -187 -195 205 -217 -12 -88 -157 210 222 -153 33 107 -23 113 211 -154 238 -82 120 179 -149 43 92 -232 21 244 -141 -213 -214 -208 -200 -169 -137 -18 -89 -145 176 138 109 -139 191 -62 59 162 -87 83 -4 -72 47 37 105 184 -227 44 -105 133 117 -44 -126 -231 -238 -106 74 146 -11 57 206 69 118 -49 -69 -183 -146 -205 -235 217 25 78 -151 -228 -144 -9 -103 131 -64 -85 -209 75 234 -70 174 73 -124 -54 -19 221 -198 88 -36 42 5 203 193 -246 -110 80 3 121 149 -136 228 19 81 63 -222 -109 143 -155 -31 41 97 122 -8 -127 20 52 104 -185 -224 -210 230 -167 169 2 38 24 6 -123 -115 -17 22 -118 -75 237 -58 144 89 -50 -242 -77 170 50 93 -66 185 8 -138 99 235 -95 158 -190 46 -130 54 114 -207 79 -67 10 189 -225 -215 -132 -26 224 -168 -24 -236 29 -226 -96 -81 -27 -92 -247 -32 -140 177 -159 102 130 -104 -35 -108 -120 126 87 98 -59 -71 110 215 115 -45 -204 233 -76 -161 -34 236 62 218 94 -230 -202 140 -223 -134 216 161 -172 -219 -234 239 190 -135 -170 172 -112 101 -216 -100 -13 247 -152 -73 56 201 192 -57 249 209 -177 168 60 -188 -122 -189 243 -171 -203 16 163 -239 -6 -241 154 96 -233 23 160 36 91 -83 242 -131 213 -14 7 64 229 127 -250 173 -125 -22 142 -196 -243 180 -101 -212 -79 -182 -111 231 -221 -47 124 -173 171 27 -48 68 178 -25 186 -163 -218 -30 -116 128 207 246 175 141 -80 72 -102 -28 -91 123 -166 -206 84 -192 61 148 135 -90 125 15 -46 -201 151 49 100 182 -38 28 -176 111 202 134 129 34 -20 -193 -179 -1 -52 -237 220 -86 214 35 30 67 -199 119 136 -160 137 -29 -7 -147 195 -180 1 -98 225 -197 9 -191 198 14 -143 166 -68 -194 65 31 -249 -158 -42 58 -119 45 150 164 -128 -93 -21 86 152 11 -37 147 -15 -40 -165 39 82 -55 -148 -248 112 -99 -94 248 26 -41 48 -229 139 -121 40 -53 -65 241 -240 -5 53 -43 -39 183 -211 -162 -133 204 -178 145 153 157 -51 -2 17 -78 90 -244 55 103 227 -107 226 181 196 -142 -164 165 -175 106 13 116 -174 187 199 -56 32 194 197 
All size test
TEST 1 ARG:2 17 87 52 6 81 76 64 9 88 33 7 71 28 0 35 77 32 15 19 30 83 16 86 39 100 60 63 92 22 20 73 54 23 68 27 89 24 75 55 91 66 42 93 38 98 96 56 51 46 58 1 4 99 45 79 80 41 90 44 95 85 36 25 57 8 62 49 94 3 74 72 65 29 12 97 53 26 31 50 67 10 59 84 69 78 14 70 43 5 34 11 47 21 40 82 18 13 37 61 48 
TEST 2 ARG:7 60 22 83 62 56 95 90 43 92 4 74 36 27 18 53 85 35 6 3 89 55 11 31 2 73 9 69 20 98 32 59 25 42 17 45 100 15 16 10 46 1 81 21 99 44 57 19 78 79 30 97 49 87 96 72 39 29 64 86 41 66 54 93 91 65 70 40 50 0 34 52 12 24 84 33 63 76 67 51 77 80 94 5 23 48 37 71 26 58 75 61 38 47 88 8 68 28 82 13 14 
TEST 3 ARG:22 99 12 14 16 58 95 89 78 46 29 0 45 71 33 68 60 48 51 32 34 15 59 80 31 62 54 70 21 6 67 97 19 11 98 77 4 52 7 24 28 10 82 96 44 53 81 88 23 43 26 47 56 85 72 100 65 61 64 66 20 83 17 49 40 5 2 86 93 3 90 84 74 73 35 94 87 92 39 50 69 1 55 75 27 79 41 8 25 38 76 42 91 9 57 37 30 63 18 36 13 
TEST 4 ARG:9 16 95 34 60 79 89 25 70 67 45 64 76 98 22 88 72 17 58 8 93 52 90 100 83 57 66 63 33 26 92 54 84 2 74 49 41 19 51 35 32 12 62 21 27 53 96 86 42 47 15 5 1 18 4 43 69 44 14 73 11 78 24 29 99 46 56 36 82 71 3 6 39 59 10 28 94 37 61 68 50 0 87 81 20 55 65 31 77 13 38 85 7 23 30 97 40 91 80 48 75 
TEST 5 ARG:47 22 58 49 38 13 76 25 30 33 65 5 31 79 20 39 61 99 87 78 0 48 93 82 66 10 74 11 43 86 36 42 88 12 85 84 60 53 6 62 50 94 14 96 59 54 80 35 70 23 21 69 77 28 72 18 64 16 45 90 91 71 32 37 67 83 100 51 92 2 89 7 44 24 40 9 75 55 19 73 56 29 15 3 46 57 68 27 26 97 34 4 95 63 8 98 17 41 52 1 81 
TEST 1 ARG:33 18 90 89 72 101 9 23 84 7 68 93 10 37 79 66 62 34 97 39 20 30 51 29 87 47 98 70 86 4 38 52 6 24 75 58 65 21 92 13 82 15 31 71 67 50 16 41 91 44 83 64 85 14 2 99 94 96 1 11 69 0 42 12 46 78 60 95 17 40 3 81 74 25 27 54 56 36 5 59 76 48 80 55 63 49 26 77 35 8 43 100 53 61 32 22 45 28 57 88 19 73 
TEST 2 ARG:81 22 76 3 4 64 7 44 1 6 29 8 18 52 91 30 13 63 92 49 83 85 84 71 39 99 94 87 57 31 9 73 5 17 28 96 26 45 72 65 90 41 34 60 86 36 55 77 48 25 80 16 10 95 53 14 20 38 35 70 66 33 2 88 27 100 82 19 67 59 43 62 89 98 50 54 69 24 79 37 56 97 0 32 78 40 74 101 12 58 93 23 47 15 68 75 42 46 61 51 21 11 
TEST 3 ARG:59 24 94 76 51 80 8 43 77 90 22 11 97 47 6 91 73 41 42 98 20 7 74 72 100 70 31 60 13 49 86 75 17 2 48 83 52 34 44 68 88 61 64 65 67 99 46 19 53 58 79 69 84 81 78 35 87 33 5 66 1 63 54 96 55 23 29 4 39 14 93 26 21 37 25 50 56 30 36 0 38 62 15 89 85 27 82 45 16 32 101 28 3 40 71 9 12 92 95 57 18 10 
TEST 4 ARG:35 17 85 20 11 15 6 25 76 40 66 83 41 72 74 73 0 32 75 10 38 36 77 27 70 58 61 24 18 71 37 67 87 99 90 88 78 96 33 45 54 46 49 28 86 97 30 44 64 57 8 95 53 98 101 81 13 29 47 43 94 2 19 100 5 52 48 92 50 84 9 22 91 55 62 42 4 21 80 51 14 60 63 31 23 16 82 3 89 34 1 26 56 59 69 79 93 12 7 68 65 39 
TEST 5 ARG:61 21 32 91 57 26 28 10 63 88 97 38 74 71 9 92 20 96 93 80 30 66 77 55 64 67 19 35 85 72 56 6 101 89 11 95 1 58 90 29 100 83 79 81 45 33 24 36 52 76 37 5 42 48 22 65 70 84 98 54 15 31 2 86 17 18 44 99 73 75 8 25 4 60 59 13 23 7 43 16 12 68 3 51 49 62 34 40 69 47 27 53 46 82 87 78 39 94 14 0 41 50 
TEST 1 ARG:99 73 8 84 1 40 81 10 39 42 79 17 61 87 89 5 31 77 47 56 57 49 63 33 78 85 4 94 70 54 95 20 82 26 97 46 65 83 35 62 22 96 93 67 51 15 29 50 68 18 52 34 100 58 28 11 45 72 76 64 36 75 88 19 48 69 9 101 66 16 12 92 24 32 30 2 98 43 41 91 74 80 59 13 102 3 38 55 23 14 27 90 53 37 7 0 60 21 44 25 6 86 71 
TEST 2 ARG:54 91 57 6 78 82 60 96 77 20 2 98 52 95 18 30 16 59 46 5 62 43 61 100 86 85 65 0 92 69 39 89 50 70 40 7 33 1 24 27 21 76 88 101 37 32 58 41 67 9 75 79 10 71 63 90 34 25 84 48 81 97 53 72 14 55 49 31 17 4 64 83 42 56 47 15 51 11 26 13 23 3 102 44 35 22 28 45 36 99 66 12 94 87 19 68 73 74 93 80 8 29 38 
TEST 3 ARG:99 47 66 7 72 9 22 68 5 13 54 18 62 34 33 25 78 97 98 27 100 46 71 92 102 80 74 24 48 76 89 59 77 15 63 73 86 82 56 26 4 12 88 49 94 8 43 61 75 70 29 40 39 23 90 36 55 65 17 79 85 45 91 3 69 32 11 83 20 57 60 38 2 14 53 67 35 31 87 101 19 6 96 37 41 10 84 93 42 44 50 51 28 58 21 0 16 95 81 64 30 52 1 
TEST 4 ARG:46 61 67 35 69 5 87 1 39 31 17 62 23 59 82 2 97 81 40 65 56 89 83 50 80 43 85 16 37 26 77 63 78 30 71 44 52 96 18 92 34 33 74 84 75 100 48 90 28 99 14 0 51 98 53 79 10 24 6 57 66 76 42 11 49 20 13 68 54 47 3 25 102 70 21 12 58 60 94 36 93 7 64 38 72 41 32 101 95 45 73 27 4 15 86 91 19 88 22 29 8 9 55 
TEST 5 ARG:26 96 82 20 55 35 48 13 94 87 7 38 77 91 73 101 92 52 58 43 90 25 21 100 47 42 36 16 54 74 88 3 53 59 44 49 30 28 17 23 99 95 83 84 97 60 18 70 65 66 85 50 22 33 68 69 29 57 5 37 41 6 9 2 24 14 62 78 64 15 45 4 71 51 39 89 34 8 86 67 31 79 81 93 19 10 27 1 56 75 61 102 0 11 40 76 72 98 32 12 46 80 63 
TEST 1 ARG:41 80 48 49 97 30 17 74 43 12 76 70 0 15 1 37 5 11 50 52 7 25 60 81 63 65 16 102 89 53 95 86 38 13 18 23 22 64 46 75 103 71 4 78 55 21 99 67 6 66 96 47 19 2 36 90 26 32 42 88 69 9 93 72 94 59 68 31 100 56 27 8 34 54 79 92 28 39 33 40 45 29 98 82 14 91 83 51 73 61 87 84 20 77 62 35 85 58 10 3 101 57 24 44 
TEST 2 ARG:85 62 12 44 68 54 20 52 81 42 79 76 64 23 39 26 93 56 32 41 14 17 82 60 43 7 34 11 66 29 49 70 96 59 99 15 47 83 75 25 5 35 69 30 100 89 28 91 78 53 94 103 21 71 84 18 6 50 87 8 80 67 101 16 10 9 36 65 31 61 24 1 33 102 95 19 63 55 72 51 48 40 98 92 45 38 97 13 73 86 22 46 57 27 37 4 0 74 77 3 2 88 58 90 
TEST 3 ARG:47 68 31 98 16 9 74 2 86 89 45 10 94 27 8 50 56 92 55 77 22 12 40 0 88 99 19 41 67 25 64 75 46 87 84 36 63 52 7 38 30 54 5 59 60 72 61 96 100 17 23 79 82 70 48 49 66 26 103 53 11 34 80 76 1 78 42 33 15 39 101 21 62 28 37 14 13 95 90 57 85 51 81 3 73 102 29 43 20 69 71 24 4 93 32 35 83 65 44 58 97 18 91 6 
TEST 4 ARG:48 64 34 35 75 47 10 29 54 7 43 3 71 83 50 40 4 44 46 51 53 14 16 77 28 31 2 90 18 41 102 36 69 11 20 0 9 97 15 72 65 84 57 98 73 81 22 100 52 86 30 89 38 58 99 79 85 17 87 49 78 96 37 60 42 19 70 39 21 101 88 24 27 91 25 45 59 1 56 26 6 33 94 93 5 8 92 66 80 55 63 76 74 68 103 12 13 32 61 95 82 67 23 62 
TEST 5 ARG:61 57 39 9 0 77 15 26 71 31 70 4 47 69 49 72 7 81 14 85 74 94 62 91 78 54 28 55 12 6 43 68 13 98 35 89 23 80 64 53 18 60 52 95 63 11 90 37 59 24 50 3 82 96 84 76 58 32 2 33 8 86 101 75 34 40 38 65 16 79 102 83 10 97 48 99 29 21 17 41 27 44 25 87 30 46 93 45 42 19 103 56 66 67 5 73 51 20 92 36 1 88 100 22 
TEST 1 ARG:22 28 41 39 104 79 40 100 97 55 47 88 24 14 61 10 98 59 74 66 87 19 95 77 90 84 60 65 50 80 5 48 8 17 69 11 94 53 72 1 96 33 99 9 29 37 91 101 93 6 43 70 4 36 26 38 45 44 86 68 58 67 83 57 81 20 7 34 89 103 12 27 25 31 52 78 15 13 16 18 102 46 2 0 49 51 71 35 42 30 73 82 64 54 75 21 32 56 76 92 3 85 62 23 63 
TEST 2 ARG:85 39 72 98 12 54 40 74 30 4 95 17 7 47 61 15 20 42 21 78 31 45 25 93 48 60 41 18 91 19 6 83 92 50 53 70 59 51 62 29 56 13 52 2 22 37 69 99 33 64 24 68 36 90 35 104 34 94 76 8 82 100 28 75 0 5 63 23 27 58 80 49 57 3 32 16 26 38 1 77 67 44 88 81 46 66 55 89 10 43 103 86 73 97 79 65 87 71 96 84 102 11 9 101 14 
TEST 3 ARG:7 30 44 72 99 21 75 55 25 51 104 98 49 89 101 102 43 65 86 26 48 70 76 62 64 4 74 85 41 8 0 40 100 82 66 15 71 80 84 96 53 33 13 22 69 57 78 97 47 81 45 34 12 17 20 32 52 92 28 77 24 67 46 14 56 3 87 91 2 50 42 19 90 9 58 18 83 54 61 93 31 6 27 63 1 95 29 79 10 73 36 37 103 59 5 60 35 23 11 39 38 88 16 68 94 
TEST 4 ARG:26 71 35 91 84 82 60 34 85 74 42 88 89 65 101 40 64 3 96 83 80 69 56 99 57 66 11 98 38 29 93 68 49 24 76 44 50 36 87 23 70 1 46 6 0 30 8 15 102 41 72 92 52 31 78 61 77 37 7 48 39 94 43 33 81 103 59 73 16 97 18 90 53 67 100 75 10 55 47 54 32 4 21 19 79 9 25 14 2 17 12 63 5 28 51 86 13 95 45 27 22 62 20 58 104 
TEST 5 ARG:52 0 27 12 62 79 6 8 30 40 45 33 24 54 68 83 65 74 48 28 43 17 1 59 88 2 72 63 77 19 78 25 103 46 64 3 16 99 56 10 66 11 51 14 13 86 90 98 47 73 31 32 85 42 97 61 93 92 104 60 26 37 49 18 91 84 29 15 39 4 44 100 7 87 35 41 69 101 94 20 21 53 102 76 82 5 70 57 58 89 34 36 71 95 55 50 23 96 75 9 67 22 81 80 38 
TEST 1 ARG:14 87 105 24 18 48 6 67 78 63 59 47 92 45 60 55 93 95 37 3 82 74 98 26 40 50 68 17 36 16 0 34 76 100 19 42 86 96 91 54 65 10 58 84 71 103 66 46 57 51 4 79 41 104 97 70 43 35 11 99 1 90 38 7 88 2 83 85 31 9 5 21 8 75 94 53 77 22 101 33 13 44 49 32 72 12 27 61 29 64 30 69 15 89 62 28 25 23 39 73 20 52 56 80 102 81 
TEST 2 ARG:93 27 89 41 54 83 4 43 94 98 57 40 78 42 11 22 24 71 86 82 16 20 15 87 95 28 44 69 103 8 48 104 62 13 35 56 30 80 1 68 9 33 97 3 76 52 18 23 70 31 67 46 21 74 36 73 50 19 102 58 59 32 72 25 53 34 81 37 92 100 49 26 47 12 90 55 77 38 101 14 2 17 96 6 91 60 79 75 5 45 85 66 99 39 88 0 84 65 7 105 64 10 61 51 63 29 
TEST 3 ARG:19 5 93 49 33 62 13 16 94 78 42 38 84 60 34 54 88 15 17 98 31 75 22 10 51 64 48 105 21 85 8 52 6 46 47 100 69 45 80 35 92 101 95 96 65 59 102 4 82 9 53 104 103 50 76 74 68 44 24 97 26 14 37 25 29 56 57 1 12 32 3 77 55 63 11 0 86 73 2 66 40 41 83 18 30 90 43 71 39 23 36 72 87 91 70 81 58 28 99 79 89 7 20 61 67 27 
TEST 4 ARG:69 8 11 62 0 3 98 79 28 52 74 54 89 58 51 67 22 68 78 7 15 63 31 64 18 57 44 94 59 97 65 6 20 5 76 24 83 30 53 60 42 77 70 48 36 2 101 86 38 29 40 49 14 73 102 80 104 84 16 75 21 46 61 35 13 47 23 27 56 43 37 95 105 33 9 103 81 66 34 39 10 55 17 12 90 19 82 87 25 26 93 50 88 1 92 96 91 32 100 71 4 45 72 85 99 41 
TEST 5 ARG:42 20 92 85 9 48 25 2 18 103 31 82 87 23 50 29 84 39 61 80 40 36 56 79 41 91 93 69 49 7 26 72 101 3 77 95 32 12 17 104 58 45 70 102 14 10 81 78 64 8 38 88 22 96 0 97 99 63 57 44 59 27 33 66 46 54 51 75 76 47 98 13 21 28 60 105 73 100 15 67 62 37 90 89 55 86 83 52 4 30 34 53 16 24 94 1 6 43 65 68 74 35 11 19 5 71 
TEST 1 ARG:34 92 1 70 44 83 40 105 66 51 25 41 55 48 72 9 23 28 15 89 78 65 90 71 76 12 35 32 30 61 57 88 26 13 81 0 74 24 87 64 104 94 68 21 75 100 86 95 39 18 93 42 62 50 103 22 58 85 5 54 59 14 11 63 6 17 10 102 31 46 36 82 45 20 38 52 27 101 33 2 77 60 73 16 3 96 29 53 80 98 37 4 8 99 69 56 7 47 79 84 106 19 97 91 67 43 49 
TEST 2 ARG:50 24 4 57 83 97 54 68 88 53 69 56 16 82 8 102 19 52 38 46 13 71 84 43 103 61 48 80 94 99 11 5 85 63 105 73 35 3 90 58 70 44 74 15 41 78 93 22 39 49 23 10 2 40 33 89 66 1 28 9 86 101 76 79 59 42 92 0 98 75 55 17 32 6 100 27 106 72 91 26 37 77 51 25 64 104 47 87 45 65 30 95 14 67 7 31 34 36 60 96 18 12 81 20 62 21 29 
TEST 3 ARG:63 95 78 43 81 9 4 80 46 15 14 33 88 106 20 102 56 5 6 36 99 73 53 27 90 103 48 93 32 101 37 71 69 31 59 60 22 12 77 30 39 104 25 26 105 51 79 45 86 1 57 16 74 76 0 18 41 75 64 84 10 49 34 2 13 24 66 96 72 35 61 70 85 67 68 52 40 98 42 87 55 8 100 89 94 23 19 17 47 44 62 83 50 3 97 28 58 29 92 54 38 7 82 11 65 91 21 
TEST 4 ARG:25 57 40 65 79 92 68 12 24 13 96 48 16 55 9 46 82 4 2 29 27 36 95 74 101 43 15 39 83 38 72 90 5 103 21 53 10 86 0 64 104 11 100 85 76 19 75 98 80 3 6 102 51 84 50 26 30 73 1 35 49 42 44 89 58 45 62 14 56 93 47 67 63 87 33 22 60 8 97 81 37 106 70 41 91 31 78 99 66 94 32 17 88 52 20 7 71 23 34 28 18 54 69 59 61 105 77 
TEST 5 ARG:8 52 80 38 10 25 1 28 21 98 50 78 67 17 70 58 42 3 71 57 0 77 18 23 4 81 69 100 87 104 105 26 13 99 29 88 61 85 15 62 22 35 86 40 31 43 92 91 94 102 16 59 101 72 32 9 19 14 51 24 37 44 83 30 97 90 34 66 74 5 6 65 106 47 68 79 20 54 76 63 82 56 75 93 33 36 49 55 48 46 11 95 27 84 103 64 41 73 39 89 45 96 60 2 7 12 53 
TEST 1 ARG:22 91 79 32 47 55 106 49 38 37 26 12 10 31 69 15 76 57 103 100 0 48 90 74 97 5 92 4 35 19 82 80 24 64 68 96 34 89 62 41 104 59 63 105 61 85 18 58 3 56 39 94 81 9 53 102 51 33 1 13 60 66 77 6 2 27 84 67 73 30 40 78 42 46 20 11 101 16 99 29 28 70 87 88 7 25 65 36 93 45 107 75 43 14 72 17 50 8 44 98 86 54 83 52 23 21 95 71 
TEST 2 ARG:70 60 63 9 74 24 68 8 10 25 22 71 67 13 59 51 91 21 104 102 1 44 94 14 80 97 12 27 82 4 103 49 86 105 7 41 43 48 75 99 47 37 30 92 2 54 62 35 77 38 20 57 95 90 42 61 66 78 52 98 89 3 93 64 50 81 69 96 34 39 85 33 23 17 55 56 5 84 32 15 28 26 6 40 58 18 100 107 76 65 101 72 36 87 46 53 19 106 88 83 45 31 16 0 73 79 11 29 
TEST 3 ARG:98 16 66 20 87 58 104 45 33 65 57 79 93 21 31 83 69 37 42 6 61 55 52 30 63 28 102 107 41 80 53 103 47 99 51 2 29 78 8 35 88 56 62 4 13 11 100 86 76 1 91 36 22 49 43 10 48 25 19 7 59 26 82 74 77 40 67 68 92 39 54 24 73 46 70 18 15 0 5 71 38 90 72 101 106 27 3 75 81 60 94 105 97 17 96 9 23 84 95 32 64 34 85 44 89 14 50 12 
TEST 4 ARG:70 26 73 31 69 21 87 51 38 34 95 94 16 80 18 65 41 23 44 58 105 106 74 60 33 104 84 59 45 64 25 89 77 101 96 49 6 52 22 2 107 100 86 36 75 93 47 12 54 29 43 35 103 71 32 78 57 50 56 98 13 48 99 8 81 39 68 55 102 17 1 53 63 97 4 66 79 67 83 76 11 61 62 37 90 42 91 46 72 82 0 20 92 7 5 19 27 24 88 14 15 28 85 40 9 30 3 10 
TEST 5 ARG:85 36 48 75 105 77 9 99 24 16 44 15 20 57 106 35 64 11 5 100 66 60 107 61 97 103 6 81 39 37 26 0 58 10 84 47 41 50 102 32 43 73 95 76 86 34 80 71 55 21 74 83 22 19 54 63 46 28 68 59 7 91 42 31 29 33 30 92 72 101 17 89 69 53 82 38 1 93 8 96 88 62 45 104 40 78 14 23 49 67 70 13 3 56 52 18 2 65 87 51 79 94 27 4 90 98 25 12 
TEST 1 ARG:53 54 48 33 45 51 43 41 20 0 108 104 84 99 16 50 47 35 93 46 15 73 21 71 90 81 7 94 42 77 44 9 14 1 27 86 70 74 19 87 58 72 36 37 59 91 67 89 40 24 88 75 57 96 100 68 82 11 22 98 8 64 97 25 107 10 32 62 28 6 106 102 56 63 29 80 92 12 103 38 39 26 4 49 83 3 66 76 95 52 55 61 31 23 13 79 105 17 30 85 69 60 2 65 18 101 5 78 34 
TEST 2 ARG:77 4 79 101 46 11 49 34 47 27 76 63 69 28 31 90 22 74 103 51 62 18 9 40 88 12 96 75 52 53 92 81 85 106 107 80 89 16 95 7 70 33 45 64 73 91 23 13 36 25 50 84 41 0 94 3 21 98 19 5 100 24 87 42 68 17 61 93 56 8 105 32 86 99 71 1 83 108 59 60 14 37 78 82 44 102 57 104 67 15 10 6 65 66 55 54 35 39 26 97 30 72 20 2 38 43 58 29 48 
TEST 3 ARG:85 52 58 38 1 72 77 44 48 36 86 97 11 108 56 79 106 45 24 41 66 87 92 7 75 78 4 8 3 99 70 95 32 91 51 67 71 42 100 17 107 84 29 55 69 5 22 6 94 14 96 30 23 19 74 76 88 90 98 65 102 93 27 21 39 34 31 12 101 10 16 80 20 40 82 26 64 62 18 105 37 81 46 25 47 15 43 60 54 53 89 59 49 68 63 57 83 73 50 13 9 103 35 33 28 2 61 104 0 
TEST 4 ARG:72 16 21 5 44 99 38 76 48 80 107 8 3 50 7 75 85 41 66 52 83 49 31 81 23 106 71 37 98 35 10 100 55 87 14 77 67 6 88 108 13 78 103 64 11 59 70 90 36 61 34 30 0 28 40 26 63 25 97 86 60 19 84 58 93 82 56 32 20 29 22 42 96 94 57 53 45 27 9 12 102 89 91 51 68 24 74 69 105 4 92 104 15 46 47 39 79 18 101 62 17 54 65 95 43 73 33 2 1 
TEST 5 ARG:22 95 43 64 36 40 44 65 72 24 27 60 46 59 11 3 94 15 57 90 10 39 67 4 23 6 83 12 32 1 25 13 55 54 5 80 29 51 48 53 108 105 45 99 33 38 2 77 85 89 19 62 107 58 68 16 97 78 31 18 70 21 88 34 8 84 101 81 75 100 56 47 0 7 69 50 9 20 28 35 63 86 79 14 98 37 26 42 91 96 102 76 82 49 93 61 17 92 71 66 74 103 106 41 104 87 52 73 30 
TEST 1 ARG:73 60 0 37 77 18 55 2 31 46 1 65 74 90 59 35 76 39 71 104 33 97 3 9 68 91 98 66 44 17 29 72 92 67 52 69 51 102 25 23 16 36 43 109 34 70 78 83 58 11 62 5 84 82 75 19 94 4 96 20 27 50 108 8 40 53 41 100 86 42 88 64 99 14 107 13 45 32 38 54 47 56 10 7 15 103 48 106 24 49 105 81 22 80 85 89 79 30 95 28 12 57 93 21 61 87 26 63 101 6 
TEST 2 ARG:68 85 87 23 18 33 2 29 44 102 6 100 58 36 17 3 73 80 79 45 5 9 78 16 98 7 107 21 97 103 96 15 84 8 59 43 48 82 13 52 0 54 26 4 14 19 83 60 34 69 53 61 32 38 67 49 27 91 1 86 62 90 99 74 75 92 10 22 89 65 37 24 94 57 108 47 42 35 56 72 105 88 109 81 25 71 63 51 20 39 50 76 30 93 95 46 104 28 64 31 11 41 101 55 66 40 70 12 106 77 
TEST 3 ARG:38 60 108 67 26 46 66 78 40 79 16 17 105 49 19 74 7 15 6 85 94 88 53 98 20 3 28 27 13 42 62 97 86 55 2 89 39 32 90 95 22 87 102 64 63 18 52 37 73 81 72 69 35 5 70 30 29 14 47 25 54 91 36 109 61 104 99 41 57 48 65 80 77 9 12 83 101 21 71 51 92 84 106 107 76 34 82 11 43 58 93 96 59 31 75 0 100 56 103 4 68 45 8 33 1 23 44 50 10 24 
TEST 4 ARG:28 109 85 50 72 35 78 91 39 3 73 41 103 40 54 42 59 92 62 16 29 43 8 87 38 77 75 56 11 1 49 27 79 14 99 107 18 95 12 101 51 104 65 58 26 21 102 22 10 32 0 4 44 68 37 108 76 2 64 33 67 83 82 46 25 84 61 81 70 106 13 71 53 36 94 19 17 96 98 52 105 86 66 15 63 57 5 30 55 20 74 34 31 6 93 89 60 88 24 69 90 80 7 45 47 23 100 48 9 97 
TEST 5 ARG:61 43 10 77 101 45 5 20 90 67 108 11 81 44 42 69 36 88 12 94 29 30 65 31 21 23 74 6 47 19 92 56 87 76 86 35 105 1 32 40 72 27 38 52 33 53 95 39 63 68 60 96 58 28 34 16 93 80 54 73 48 14 71 0 41 66 100 59 49 97 8 103 2 25 106 18 15 64 75 13 3 24 89 55 9 50 4 7 84 57 102 85 78 98 62 79 104 107 91 37 46 70 109 82 99 51 17 22 26 83 
TEST 1 ARG:70 51 66 56 68 34 35 23 79 10 5 20 24 96 60 97 82 104 98 78 33 72 15 107 101 48 31 88 94 106 75 41 12 27 86 29 47 90 30 45 62 65 91 6 64 81 43 49 85 25 95 108 54 28 92 76 16 44 2 57 17 105 102 39 21 61 63 7 59 83 18 11 89 32 67 84 52 74 69 9 109 77 53 42 8 37 50 0 58 110 14 4 22 100 55 26 13 87 1 93 36 71 99 40 73 19 38 46 80 3 103 
TEST 2 ARG:14 107 44 82 41 22 76 48 50 21 12 18 66 6 37 67 95 75 79 28 23 15 68 19 59 100 4 49 81 105 52 27 71 92 96 87 91 39 106 89 83 98 25 88 78 60 74 45 99 36 17 30 73 65 64 108 94 101 104 72 26 34 63 8 80 20 77 55 40 69 110 16 54 57 62 24 103 102 35 51 32 5 61 11 1 29 85 2 9 109 47 84 3 33 58 86 13 53 42 56 90 46 38 10 93 31 7 0 43 97 70 
TEST 3 ARG:18 31 70 34 41 109 67 40 39 60 10 98 17 96 85 93 21 79 0 107 55 7 99 110 29 75 86 46 2 44 19 66 42 14 20 45 58 87 73 3 32 16 88 54 64 97 23 38 71 6 69 84 28 65 49 15 26 100 22 62 108 4 61 72 74 92 50 104 59 94 51 25 43 48 102 89 81 12 91 52 106 63 27 37 11 68 33 80 8 78 30 13 90 9 5 47 36 76 82 35 103 24 56 1 77 101 95 57 53 83 105 
TEST 4 ARG:43 66 38 54 61 99 74 56 60 9 6 7 22 47 36 107 64 3 87 42 71 102 14 52 34 26 31 44 33 32 94 10 2 79 81 63 57 40 68 67 24 82 106 25 21 46 103 39 45 30 85 5 62 89 77 51 0 109 29 91 70 48 15 95 104 41 76 28 16 83 97 53 69 105 23 19 18 11 86 93 20 50 55 4 92 58 1 73 78 80 59 37 101 108 84 72 65 13 90 17 27 75 100 110 49 98 35 96 8 88 12 
TEST 5 ARG:83 54 68 75 81 29 13 32 79 10 47 84 82 110 62 99 64 28 109 11 42 88 8 95 60 56 36 74 30 2 49 78 18 40 98 52 86 102 94 9 3 101 25 16 48 73 106 6 0 57 22 55 105 17 7 58 46 21 53 69 51 50 87 96 108 80 38 97 20 41 65 59 92 27 23 63 12 76 61 33 37 91 39 43 93 15 26 90 100 66 77 35 67 4 104 45 34 19 70 103 1 107 44 85 89 31 14 24 72 5 71 
TEST 1 ARG:52 108 58 35 89 24 17 71 85 109 86 6 68 38 18 30 87 13 111 28 83 67 2 100 10 75 106 72 60 32 69 51 8 97 45 33 99 15 77 107 110 19 12 16 76 98 91 88 102 36 49 82 20 53 26 7 0 92 84 55 21 95 101 3 103 81 78 41 39 25 57 74 27 54 29 46 50 70 65 56 37 40 48 80 63 105 43 4 23 66 22 44 42 1 90 5 62 31 34 94 59 79 47 93 61 14 11 64 73 96 9 104 
TEST 2 ARG:65 102 85 11 12 5 75 76 3 111 55 17 14 44 35 80 33 47 31 107 106 2 87 84 15 8 98 6 18 71 77 94 83 70 99 22 60 46 89 41 28 57 48 61 110 32 1 23 30 93 86 62 101 78 74 95 0 20 108 45 38 10 69 52 40 13 63 54 67 16 88 66 53 68 26 58 92 42 51 56 73 104 36 103 9 50 27 4 25 82 90 97 24 105 37 72 7 91 96 49 81 34 21 39 100 19 43 64 109 29 59 79 
TEST 3 ARG:28 55 14 91 46 39 102 13 1 37 60 54 70 11 40 82 8 101 18 43 99 81 35 45 38 47 73 27 51 7 24 48 3 111 75 83 62 41 109 98 69 19 72 32 4 6 20 68 31 5 29 53 77 92 106 64 95 97 50 42 105 52 90 88 23 78 74 67 57 80 15 66 9 87 22 12 63 26 84 25 93 108 89 100 65 33 85 49 36 16 79 44 96 103 10 76 104 34 110 58 61 2 94 30 107 21 56 59 17 71 0 86 
TEST 4 ARG:11 74 27 73 64 67 57 7 68 10 51 79 5 106 103 109 15 9 80 56 43 53 110 72 46 85 101 40 38 4 84 13 22 3 96 20 86 18 92 99 52 31 30 78 8 87 62 25 14 93 41 108 6 16 44 17 81 82 61 83 100 98 88 95 107 26 91 71 63 90 111 105 104 21 60 50 12 36 94 66 32 19 1 70 23 69 28 33 102 49 35 76 58 97 77 39 45 0 37 89 47 55 65 75 54 24 48 59 34 29 42 2 
TEST 5 ARG:19 24 97 75 67 63 33 111 25 39 105 26 95 14 40 107 2 20 65 102 64 48 6 31 27 70 104 69 46 41 47 8 81 17 4 38 1 93 79 16 44 91 12 30 78 22 21 100 109 87 42 34 84 32 57 29 82 35 90 18 110 72 101 49 43 37 66 106 58 53 54 50 3 52 88 83 80 45 89 74 36 60 92 0 103 13 85 10 77 55 99 51 5 59 94 73 23 28 76 56 108 62 71 96 15 68 61 9 98 7 86 11 
TEST 1 ARG:69 101 74 87 26 15 27 29 88 70 53 5 77 97 86 41 18 38 79 84 111 96 11 47 9 75 91 56 98 31 22 110 43 44 23 25 103 65 42 78 67 48 49 50 28 20 24 105 32 10 73 2 3 14 0 93 108 90 34 36 68 72 16 8 52 54 39 35 7 82 66 112 81 107 13 83 19 59 17 6 33 51 89 76 62 37 4 63 92 102 99 61 71 55 46 104 106 94 1 100 21 80 58 45 64 30 57 12 109 85 95 60 40 
TEST 2 ARG:70 44 6 57 22 16 111 60 102 82 68 89 21 97 85 81 75 50 58 66 62 42 76 26 69 98 84 12 24 80 31 45 107 105 38 101 109 18 55 90 20 64 2 56 48 51 54 93 49 36 17 87 95 11 73 5 96 0 108 46 79 88 67 86 10 41 37 72 43 8 77 30 71 29 1 99 35 100 110 103 14 28 39 61 27 91 83 40 59 63 104 92 7 34 94 74 33 23 106 13 25 3 52 78 9 4 65 15 112 32 47 19 53 
TEST 3 ARG:47 6 102 109 85 22 38 3 15 65 104 2 77 40 36 71 24 20 23 51 91 81 25 46 28 74 1 60 87 106 69 58 57 75 17 50 95 37 99 5 26 90 96 14 59 73 72 44 83 107 53 66 27 63 30 12 111 56 79 31 88 61 32 39 112 18 45 84 42 49 9 62 11 33 86 68 108 54 4 64 82 34 98 41 78 19 89 16 8 70 10 110 7 101 97 80 21 55 48 103 92 13 67 43 35 76 100 94 0 29 52 93 105 
TEST 4 ARG:10 42 1 54 96 28 11 111 67 14 20 32 105 21 106 97 77 30 47 35 55 80 24 70 58 88 50 40 13 59 57 41 62 66 19 33 16 25 53 38 112 61 91 98 29 52 102 93 107 101 110 92 76 39 68 89 34 81 31 2 82 85 78 43 45 83 84 12 86 90 27 6 51 37 26 95 103 94 108 64 60 9 23 63 79 5 100 71 72 73 56 109 8 74 44 17 4 18 65 104 87 36 75 7 3 0 99 22 49 15 48 46 69 
TEST 5 ARG:0 9 35 56 10 87 61 23 77 62 98 48 57 27 33 97 51 28 96 21 100 16 99 66 4 49 39 78 7 76 65 30 108 20 110 46 75 41 52 104 91 6 70 15 58 60 89 45 94 102 1 95 107 37 103 40 90 24 69 50 14 111 81 43 29 11 31 47 68 32 93 72 86 59 34 85 26 84 38 5 112 17 8 105 67 83 25 88 19 106 22 63 82 80 44 71 92 109 53 74 2 101 12 3 79 54 64 55 13 73 18 42 36 
TEST 1 ARG:18 99 17 76 13 52 88 81 56 78 28 19 109 6 86 100 75 92 29 7 43 59 50 79 37 46 40 94 106 96 25 55 67 27 36 90 14 49 9 65 26 31 71 58 11 20 64 102 4 33 82 38 108 74 91 66 54 60 3 47 69 103 80 63 5 104 21 44 39 112 24 97 16 34 111 23 85 83 93 53 41 15 32 10 35 87 51 110 73 8 57 1 48 89 72 101 0 45 98 70 68 77 84 42 105 95 61 22 107 2 113 62 12 30 
TEST 2 ARG:81 97 49 71 31 44 67 86 19 61 85 50 96 39 42 37 59 2 14 54 28 70 62 77 82 94 29 63 79 98 111 69 11 66 64 88 101 89 109 56 6 78 102 35 16 80 110 26 9 32 22 33 108 21 20 38 65 99 17 34 60 84 24 30 72 40 74 7 55 1 75 113 87 106 47 13 3 73 112 68 92 53 10 41 57 15 95 100 103 76 27 43 91 58 45 36 105 8 90 18 23 5 52 4 83 12 48 0 107 25 104 51 46 93 
TEST 3 ARG:27 41 12 52 102 47 77 17 86 74 84 107 25 21 113 14 62 83 43 31 60 36 99 9 78 30 0 58 38 22 42 26 53 50 4 46 3 101 98 93 112 10 76 33 68 72 87 57 90 59 109 24 37 16 32 5 15 85 11 96 106 13 81 19 63 103 51 69 97 45 48 104 82 28 105 40 34 18 88 1 79 73 67 80 66 55 20 70 56 94 71 91 100 111 23 75 8 110 64 89 44 92 108 6 29 35 95 39 65 54 2 49 7 61 
TEST 4 ARG:23 21 67 90 113 86 66 83 68 102 96 54 49 76 8 89 4 59 3 79 0 26 51 55 44 62 97 107 105 81 58 12 45 109 111 63 60 91 74 57 56 38 22 103 32 82 39 11 99 110 53 85 52 31 94 42 47 95 17 48 69 20 70 93 87 5 36 64 19 108 29 88 84 34 101 46 7 78 106 2 98 75 43 6 27 33 71 35 77 92 41 40 28 61 72 13 112 65 1 30 73 100 50 24 18 25 80 15 16 104 9 37 10 14 
TEST 5 ARG:35 36 95 0 9 20 55 82 49 87 6 18 113 90 81 69 50 27 99 64 103 93 39 38 19 74 25 106 68 45 34 13 109 77 40 46 14 76 75 17 11 31 89 41 79 92 84 10 104 26 88 48 85 63 12 105 51 91 58 57 53 5 7 98 2 66 80 70 96 108 52 59 33 61 22 42 65 94 101 112 71 47 56 1 73 28 78 86 3 44 72 60 110 111 107 67 83 30 29 4 97 37 8 24 54 32 15 21 102 100 16 43 62 23 
TEST 1 ARG:60 65 17 102 46 14 50 76 41 85 93 87 25 39 112 61 72 103 49 31 64 12 48 77 19 44 58 10 57 67 107 68 45 32 16 37 2 42 94 7 23 78 111 51 3 43 56 110 5 35 114 59 38 79 100 55 92 54 20 1 62 63 105 99 98 97 28 30 104 4 83 71 18 9 101 109 113 15 80 34 89 52 66 88 24 27 108 73 74 11 84 75 29 0 47 70 96 106 22 81 33 13 82 36 6 95 86 21 90 8 69 91 40 26 53 
TEST 2 ARG:42 108 112 17 41 8 114 73 48 81 105 10 89 16 25 75 57 9 54 99 86 97 51 85 27 19 61 49 20 60 109 83 44 50 7 24 43 45 101 79 34 113 52 111 107 92 39 110 84 14 67 96 37 66 82 71 18 53 77 56 90 88 12 28 47 46 106 58 91 31 80 4 38 104 55 95 35 1 62 29 59 40 3 93 100 65 11 30 23 6 103 87 22 15 21 63 13 74 98 2 72 68 32 70 69 64 102 33 36 26 5 94 78 76 0 
TEST 3 ARG:65 57 38 105 52 34 48 96 101 84 4 11 50 69 3 78 80 111 21 110 46 45 74 54 104 63 87 75 82 24 16 89 113 15 36 97 23 64 19 40 68 33 10 20 31 67 77 58 94 62 103 14 60 61 9 56 55 53 51 29 17 93 44 1 32 73 76 98 81 13 85 12 5 43 22 106 102 35 72 42 107 7 100 91 25 30 114 2 6 0 95 66 47 37 39 90 41 8 109 70 49 26 27 59 86 71 112 99 88 92 108 18 79 28 83 
TEST 4 ARG:67 60 69 99 70 24 11 74 20 56 81 94 105 41 95 92 38 63 66 80 82 65 6 59 103 107 45 78 93 106 26 53 87 89 18 98 55 100 9 21 35 15 44 10 58 42 62 79 29 86 110 48 19 111 76 49 22 40 75 101 71 34 108 72 23 50 52 5 83 57 12 73 61 28 3 30 31 25 51 113 8 64 46 36 39 7 1 88 68 91 2 97 13 33 14 85 47 32 27 0 102 43 16 90 77 96 37 104 114 109 112 17 84 54 4 
TEST 5 ARG:41 34 90 112 27 104 80 30 97 20 60 85 13 63 110 69 108 83 106 8 50 66 99 44 109 79 62 14 78 40 111 10 6 25 91 33 49 43 39 29 81 96 103 70 56 86 22 87 26 76 54 11 105 55 101 37 36 35 7 82 0 48 12 65 1 52 51 45 24 23 16 98 42 57 73 71 28 67 9 74 75 113 92 18 38 17 32 77 3 89 64 61 102 68 84 88 94 19 4 95 100 93 47 59 107 46 15 114 31 2 5 72 58 53 21 
TEST 1 ARG:77 45 80 49 31 84 113 14 9 102 75 18 110 35 15 85 55 34 48 47 73 81 63 60 56 100 104 95 39 16 40 91 12 69 11 79 17 107 92 109 83 42 0 65 108 89 111 72 27 52 23 24 1 37 67 97 54 58 46 70 6 28 82 20 86 5 61 30 32 2 3 71 21 53 78 4 36 50 68 13 112 96 19 8 44 98 22 41 43 88 101 74 26 114 103 57 66 7 76 38 87 51 105 94 64 59 25 10 93 115 33 29 90 62 106 99 
TEST 2 ARG:27 104 10 35 72 115 58 2 61 36 25 74 7 68 94 95 70 75 22 59 0 66 46 18 56 87 21 49 1 16 84 81 42 34 30 102 64 53 106 40 108 5 63 96 111 71 24 76 43 92 114 48 37 41 50 28 98 13 82 77 73 12 90 9 89 55 93 101 15 45 91 31 6 14 3 113 69 97 57 110 44 47 79 88 39 60 54 19 62 80 11 105 78 103 99 100 23 112 65 33 38 67 20 52 86 83 32 8 85 109 26 4 29 51 17 107 
TEST 3 ARG:25 69 31 0 19 27 56 106 24 105 89 65 49 38 63 104 112 90 94 66 84 44 1 9 10 54 92 74 29 7 32 85 109 8 22 77 75 15 58 14 16 78 68 55 5 87 18 64 11 13 76 12 100 51 6 23 4 86 93 21 46 20 111 2 95 26 72 110 67 34 73 30 28 3 39 101 48 113 17 61 98 115 59 35 80 53 33 36 71 79 42 60 81 52 103 107 108 40 41 62 97 57 82 102 43 88 47 50 114 37 96 99 83 70 91 45 
TEST 4 ARG:109 16 56 11 23 91 73 39 107 93 36 108 86 57 89 92 83 31 46 66 98 51 58 35 49 81 80 106 27 29 38 77 110 63 67 37 44 4 54 65 101 53 48 20 1 41 40 50 103 68 25 72 94 32 112 88 17 33 10 90 3 76 75 104 28 74 78 111 95 7 113 84 45 21 42 102 14 47 12 99 82 55 13 34 115 96 2 85 100 30 24 22 64 9 26 18 62 87 60 70 105 5 59 8 43 79 19 15 97 114 0 69 52 71 6 61 
TEST 5 ARG:88 76 115 74 95 17 10 32 87 16 42 109 81 99 25 4 93 60 113 55 22 71 13 101 0 37 80 48 62 75 66 100 41 73 79 40 47 68 114 52 78 83 108 54 1 27 72 65 36 50 98 111 9 84 91 28 43 19 105 45 94 102 61 86 26 21 110 38 2 44 6 85 67 53 33 49 56 35 31 57 34 46 5 23 7 103 104 89 63 8 112 3 24 39 12 18 106 29 77 92 82 51 58 59 97 64 30 11 96 107 14 70 15 90 20 69 
TEST 1 ARG:12 95 89 36 72 53 48 8 51 29 113 69 75 97 108 1 83 41 39 80 21 63 45 65 61 84 110 76 37 100 23 82 114 38 68 34 32 57 98 43 11 20 107 112 55 26 92 111 31 73 102 35 60 2 4 40 49 93 71 88 18 19 14 42 7 24 99 78 64 86 6 15 47 5 0 81 30 85 96 103 46 66 106 58 22 105 28 17 104 74 79 67 87 77 44 33 115 91 90 101 54 3 25 10 13 62 109 59 27 16 56 9 94 70 116 52 50 
TEST 2 ARG:101 47 75 29 8 90 51 15 65 85 111 69 73 96 84 80 103 26 30 16 86 87 97 43 20 61 4 40 12 56 41 18 33 77 81 3 25 53 9 64 42 106 38 57 2 62 1 71 72 60 66 102 10 22 17 95 109 59 7 74 54 24 14 21 19 67 70 32 35 91 116 113 99 36 49 58 94 0 52 34 5 50 76 110 27 107 31 82 28 104 79 108 39 11 98 63 112 13 89 46 55 92 45 114 68 115 93 23 6 88 83 105 37 100 48 78 44 
TEST 3 ARG:100 116 9 96 77 113 97 19 42 102 43 81 36 48 111 80 88 8 99 103 87 16 6 11 1 73 14 78 7 110 83 53 38 47 89 5 61 31 54 40 60 35 13 25 3 68 69 90 70 37 2 98 57 15 49 58 108 115 24 74 39 67 71 109 107 33 76 44 59 92 27 101 55 51 56 45 105 75 94 22 32 4 46 62 84 106 79 91 12 85 34 10 63 17 20 41 28 82 65 86 64 50 114 0 30 18 21 66 26 23 29 104 72 93 52 95 112 
TEST 4 ARG:41 114 27 19 37 89 15 100 38 113 95 112 69 50 116 21 1 40 54 51 110 25 102 3 35 58 56 96 39 49 73 0 84 66 42 46 105 76 47 57 28 107 52 7 14 30 59 88 79 64 106 53 65 2 104 11 32 16 4 23 71 72 97 70 82 5 67 60 48 17 99 6 26 101 92 31 80 18 87 44 103 12 24 81 33 109 55 62 94 36 77 86 115 90 98 10 68 75 74 13 93 20 85 111 34 63 91 61 22 78 9 29 43 108 83 8 45 
TEST 5 ARG:53 85 11 39 25 1 98 87 76 32 78 36 0 100 29 24 70 68 38 35 4 60 44 59 31 113 115 54 58 37 7 64 107 27 75 17 101 19 26 23 16 52 82 103 114 116 109 81 45 13 79 34 3 22 46 5 69 21 73 89 77 30 15 105 65 95 80 12 55 83 74 111 102 108 112 62 91 43 8 40 99 18 92 96 56 97 84 110 63 50 9 94 61 88 71 51 49 66 10 72 67 86 57 33 48 20 41 106 6 104 28 2 93 47 42 90 14 
TEST 1 ARG:12 100 71 107 102 67 57 39 81 114 63 40 3 4 27 28 108 96 15 52 36 60 43 97 80 51 87 61 92 84 22 5 26 73 35 55 2 116 42 104 7 50 34 8 62 19 53 86 46 30 106 95 33 37 94 79 90 85 111 11 69 77 110 113 1 9 70 101 29 109 13 21 68 20 31 17 64 105 72 56 32 88 38 98 76 65 48 24 44 117 99 54 49 83 58 18 103 14 112 93 59 45 41 23 78 66 10 74 47 89 25 91 6 75 115 0 82 16 
TEST 2 ARG:81 77 76 103 95 65 22 47 90 10 58 23 92 45 115 66 87 5 85 113 70 35 36 83 52 84 16 15 116 112 96 63 24 117 61 114 13 98 1 9 38 44 89 75 74 71 57 8 67 29 82 53 34 105 6 14 73 86 102 93 27 60 101 50 99 42 55 72 94 37 28 32 62 0 78 12 88 46 49 107 33 64 30 79 19 109 48 69 11 39 100 7 80 3 20 51 106 40 104 91 25 97 43 54 18 111 59 26 68 21 108 56 17 110 31 41 2 4 
TEST 3 ARG:116 109 71 12 68 107 87 58 105 112 82 9 61 57 76 14 73 0 11 32 53 106 6 83 98 96 36 47 81 103 62 31 114 10 41 111 39 51 8 45 56 97 70 7 91 86 44 66 18 35 28 23 42 110 26 21 102 55 69 49 117 52 59 95 108 89 100 27 94 75 99 17 15 80 104 1 30 113 64 34 3 67 79 92 24 85 5 40 88 43 38 77 60 4 16 65 90 22 29 37 19 115 63 72 101 93 46 48 13 54 2 84 33 25 78 50 74 20 
TEST 4 ARG:79 19 105 23 28 92 73 34 83 103 6 89 29 31 94 49 64 10 40 65 20 17 44 4 75 71 110 27 78 98 88 111 113 100 116 63 9 106 77 85 69 80 112 109 37 104 38 108 22 46 82 48 41 56 32 107 0 97 61 99 36 55 3 67 96 66 72 62 68 91 7 35 60 1 5 13 51 114 115 15 95 25 2 16 24 102 54 70 47 53 59 86 90 33 11 84 52 45 93 30 101 8 42 39 87 12 43 57 81 50 117 74 58 26 21 76 14 18 
TEST 5 ARG:39 54 100 111 56 79 84 41 69 14 115 70 81 13 5 32 116 114 42 96 67 23 26 58 109 66 117 87 17 35 45 95 103 12 106 88 16 72 93 82 52 47 46 36 28 18 102 89 112 50 15 7 27 40 11 68 2 20 76 34 3 71 99 33 94 62 77 80 104 98 57 38 31 85 74 65 110 83 107 0 30 19 78 24 6 55 92 75 10 8 29 101 44 91 113 4 108 53 73 1 21 49 37 64 25 60 48 90 59 105 86 51 22 43 97 61 63 9 
TEST 1 ARG:82 41 109 26 13 95 27 105 70 80 28 63 25 53 24 100 61 59 62 74 39 19 12 38 116 54 64 15 113 3 33 35 86 81 44 92 8 69 114 47 76 99 90 88 11 107 97 103 50 56 72 18 66 75 73 98 110 77 85 45 87 48 5 7 79 23 51 17 10 94 55 68 31 57 36 104 58 42 20 29 37 117 83 52 60 43 32 21 65 108 49 91 112 102 9 84 30 14 4 89 115 22 0 96 101 67 1 6 106 93 71 2 40 118 16 34 78 46 111 
TEST 2 ARG:67 55 49 88 2 25 51 4 92 29 70 57 26 44 84 94 65 8 5 28 15 10 109 105 76 117 36 108 31 47 98 37 111 27 81 96 93 74 52 101 11 107 54 89 7 41 53 0 59 73 115 42 58 110 71 16 100 14 20 19 61 118 34 72 30 102 38 64 22 63 114 9 60 21 24 85 56 104 3 50 68 62 91 48 112 79 45 6 82 23 95 33 97 17 78 18 83 103 99 80 39 87 113 1 75 116 90 35 13 40 77 86 46 12 106 43 69 32 66 
TEST 3 ARG:78 34 102 52 7 66 89 105 108 76 43 95 68 45 67 69 71 113 101 36 63 13 29 86 35 42 40 99 20 31 33 82 6 12 85 49 16 11 117 94 98 112 114 96 88 70 116 5 30 59 23 21 8 115 84 46 100 4 77 93 110 51 48 56 18 57 17 47 19 103 109 25 39 62 32 15 37 64 97 54 2 104 10 73 0 90 24 3 65 1 118 50 38 44 72 91 60 107 27 106 92 61 111 74 28 80 83 9 22 79 41 75 14 87 81 26 53 55 58 
TEST 4 ARG:111 95 110 93 32 115 63 80 69 73 35 118 79 98 5 53 17 72 114 89 22 24 7 31 49 90 25 4 62 48 16 44 29 78 54 55 13 99 45 38 39 33 15 9 23 11 96 8 21 65 77 18 34 58 70 117 100 104 36 14 57 43 19 61 67 87 60 3 51 28 81 91 47 83 40 41 85 116 30 92 59 107 20 103 68 97 66 112 1 109 88 46 2 75 101 113 52 71 42 12 86 94 64 74 76 108 6 84 102 37 27 26 82 105 56 10 106 0 50 
TEST 5 ARG:115 32 114 36 113 59 82 71 78 118 1 16 13 41 31 51 39 68 64 103 54 69 35 63 99 91 48 29 62 76 101 75 57 45 95 60 25 38 34 4 44 5 17 93 73 33 98 96 28 2 102 85 80 30 43 83 58 112 52 90 7 42 14 104 24 18 116 0 55 12 79 67 3 97 111 94 40 74 50 107 56 6 8 81 49 92 23 70 21 106 46 110 72 117 66 108 53 105 61 77 100 65 109 86 26 84 47 19 9 37 89 27 20 10 22 15 88 87 11 
TEST 1 ARG:72 76 58 110 101 34 71 43 62 19 5 44 60 49 64 4 74 116 73 107 37 70 24 89 59 11 80 45 12 61 54 65 91 21 25 6 118 31 111 79 41 98 112 0 63 77 9 3 113 78 28 105 86 18 35 29 53 97 27 32 93 115 13 26 2 51 100 47 87 67 119 30 14 40 109 55 38 82 102 52 99 50 103 83 57 15 48 8 114 85 7 23 88 75 95 96 33 81 39 104 42 66 22 94 106 46 108 1 10 90 117 16 69 92 56 20 84 17 68 36 
TEST 2 ARG:36 16 28 66 3 46 82 116 39 85 63 70 42 12 88 94 99 101 69 103 83 97 86 14 64 54 33 104 4 6 37 81 76 93 113 59 68 2 118 71 34 84 9 52 43 75 102 38 19 105 41 62 58 78 61 77 79 57 110 115 89 72 107 95 0 20 49 18 44 17 74 7 50 60 67 45 51 25 111 27 96 32 109 21 90 87 65 31 48 30 114 15 5 73 91 108 11 55 10 22 112 40 8 23 24 47 29 26 80 100 35 53 106 56 117 1 92 13 119 98 
TEST 3 ARG:98 32 40 73 78 44 72 118 82 55 89 101 113 63 67 51 77 21 14 87 88 43 0 59 46 93 110 29 15 3 60 108 52 48 54 68 20 95 115 45 30 112 2 6 96 23 26 97 17 10 69 38 81 47 16 94 27 31 80 86 53 49 90 25 7 58 103 39 105 74 109 11 35 12 50 100 111 64 57 76 41 92 9 79 104 102 75 107 83 99 24 42 4 36 66 33 91 5 85 19 34 65 56 18 114 8 106 62 116 71 13 28 61 22 37 84 1 117 70 119 
TEST 4 ARG:24 75 54 109 88 30 92 64 102 59 46 38 31 44 99 77 6 87 52 107 20 47 106 53 101 96 48 82 55 15 1 108 112 63 49 60 66 22 86 37 13 95 97 14 25 9 33 115 43 94 89 81 70 103 0 17 110 45 12 23 65 91 7 51 5 32 40 69 72 56 18 2 58 104 62 84 57 79 50 3 34 61 8 67 117 4 118 119 90 73 85 35 111 113 26 78 93 71 27 10 11 36 16 76 39 100 21 42 83 41 28 29 98 74 116 114 105 68 80 19 
TEST 5 ARG:2 20 40 43 83 112 53 96 91 50 103 29 84 105 60 77 99 75 81 94 90 44 63 69 47 15 30 70 3 59 55 33 76 9 65 89 114 10 5 97 22 45 67 28 26 95 79 13 64 68 109 14 18 34 73 6 56 82 108 62 119 16 8 87 110 51 66 78 104 107 113 71 27 61 57 39 116 106 101 86 7 36 48 32 24 52 31 25 19 1 98 17 23 118 21 111 100 41 12 102 37 72 74 85 38 0 88 35 93 115 42 4 117 58 80 54 46 11 92 49 
TEST 1 ARG:90 86 2 37 82 71 103 76 108 28 17 51 38 94 20 107 69 4 15 97 41 32 119 70 33 106 42 104 10 43 62 68 0 57 49 102 115 11 120 87 8 109 64 110 6 84 31 78 83 92 89 25 112 61 13 35 19 80 93 79 95 44 77 100 72 45 9 55 48 117 63 47 66 114 113 22 29 54 101 60 40 98 18 26 1 75 21 5 111 81 39 58 59 105 53 56 36 16 7 23 50 74 99 85 34 116 65 52 27 3 88 24 46 91 73 96 67 118 30 14 12 
TEST 2 ARG:54 106 30 72 114 110 112 61 96 98 24 29 37 60 51 27 95 82 44 100 22 53 55 99 7 16 88 23 6 113 65 89 111 120 81 2 115 117 42 118 45 31 43 67 91 26 11 56 69 21 102 58 76 62 64 86 17 85 4 0 1 39 74 9 77 5 79 35 57 90 49 116 47 14 68 80 59 38 19 119 84 78 8 83 32 52 63 41 108 10 75 101 28 66 104 18 50 40 73 3 87 33 25 48 103 109 93 12 107 94 20 71 15 34 46 105 13 92 36 70 97 
TEST 3 ARG:59 34 14 50 61 30 64 47 97 5 39 89 27 71 21 83 69 104 28 88 102 32 90 58 52 2 36 16 11 23 33 79 10 45 22 8 78 115 111 29 19 0 74 53 82 65 1 99 46 12 60 20 9 75 110 44 93 48 91 62 7 18 107 85 42 81 35 51 49 77 26 70 116 54 37 38 117 55 112 40 108 72 109 120 101 6 57 86 66 31 105 103 24 4 92 95 63 84 56 94 15 17 87 13 119 106 43 76 118 100 114 98 80 113 41 3 67 68 73 96 25 
TEST 4 ARG:93 105 74 14 33 17 18 25 9 48 53 115 16 102 57 119 76 114 31 75 2 81 98 99 92 69 30 12 80 97 90 56 8 40 45 63 19 49 106 35 112 22 72 28 79 85 95 109 42 82 120 111 113 89 50 59 29 24 61 51 86 77 88 94 116 20 13 52 36 55 64 11 65 104 23 38 41 44 39 78 107 68 108 100 47 34 37 3 1 84 103 5 67 62 71 60 21 32 26 91 6 4 101 96 15 70 0 7 73 58 87 117 83 46 27 118 110 66 10 54 43 
TEST 5 ARG:41 108 7 67 66 81 72 22 91 68 64 5 18 74 42 90 47 45 55 94 107 27 113 116 48 115 35 14 120 93 25 28 9 13 53 110 11 3 12 32 103 88 106 112 60 100 99 31 118 89 49 119 61 33 10 56 43 84 73 62 76 20 26 86 34 82 95 70 63 85 36 98 17 97 8 87 109 65 19 39 54 102 44 52 104 38 1 77 83 75 92 111 51 15 40 78 96 58 71 2 114 0 105 16 79 50 21 117 6 59 101 69 4 30 23 80 37 29 46 24 57 
TEST 1 ARG:31 69 63 29 81 109 11 61 14 20 116 7 35 96 91 62 102 53 64 106 118 68 93 92 43 17 87 72 97 60 104 66 3 52 9 18 49 94 65 27 99 28 25 71 84 67 110 26 30 86 101 22 89 50 74 57 1 103 73 6 37 8 111 120 70 42 23 16 107 108 2 38 51 40 12 90 47 95 112 119 115 75 19 85 36 113 114 48 59 39 56 46 88 41 121 98 24 55 77 4 117 44 105 21 32 100 15 83 78 58 0 54 13 82 80 76 5 10 33 45 34 79 
TEST 2 ARG:62 46 114 48 108 89 39 29 97 12 71 120 38 96 42 35 14 0 34 112 81 83 72 4 95 102 19 118 98 69 92 6 59 103 51 107 88 74 94 106 41 45 84 56 30 8 64 7 52 116 28 10 109 18 117 9 79 66 121 55 65 23 111 80 77 11 63 104 24 22 100 75 49 61 20 40 2 47 27 32 99 86 90 93 54 3 76 5 87 60 21 1 110 115 43 33 44 119 68 37 67 70 73 101 36 58 26 78 31 91 105 50 16 15 17 13 25 113 53 82 85 57 
TEST 3 ARG:20 2 14 109 46 18 50 81 7 101 91 34 31 80 49 40 61 87 48 54 58 13 51 114 42 36 77 97 105 117 45 113 119 25 4 1 35 120 37 93 76 67 22 39 100 96 78 103 29 116 66 89 63 74 10 115 43 6 98 3 99 64 72 111 26 15 52 60 65 104 32 47 92 85 44 59 79 30 9 19 55 90 68 82 62 84 75 23 17 83 110 53 108 70 8 38 41 69 94 107 28 95 88 24 21 121 118 5 27 112 57 33 16 86 102 56 12 0 73 11 106 71 
TEST 4 ARG:29 7 100 85 111 13 116 57 84 105 3 78 77 12 114 117 79 63 59 35 56 113 70 10 34 69 91 86 32 53 2 94 46 82 121 118 8 73 93 41 16 66 39 83 90 72 87 119 22 52 65 64 24 97 44 67 104 25 61 54 99 5 51 75 112 9 36 11 1 89 88 60 80 103 98 48 14 20 23 102 33 115 50 106 30 58 109 6 92 101 110 37 31 96 15 108 17 120 47 18 26 74 81 45 68 21 27 76 95 107 0 4 19 71 38 40 42 62 28 49 43 55 
TEST 5 ARG:48 63 116 96 21 7 16 90 62 85 114 29 97 115 89 49 84 71 95 52 111 55 14 66 102 42 37 39 87 70 106 113 69 80 44 72 25 1 109 46 65 19 105 75 67 117 99 35 41 26 110 23 59 2 93 56 6 112 58 76 50 57 9 31 100 33 119 53 10 103 91 78 61 88 77 38 0 40 64 45 12 34 18 8 86 79 74 98 43 11 22 68 4 94 60 107 118 83 54 20 36 82 73 17 101 15 28 108 3 32 27 120 30 47 5 13 121 51 24 92 81 104 
TEST 1 ARG:72 110 20 84 24 15 3 6 85 5 58 16 41 115 86 71 68 54 2 35 21 98 105 103 56 119 32 97 82 94 7 80 8 10 106 69 79 29 104 73 34 36 0 19 75 108 111 88 76 61 114 102 39 70 89 83 122 33 9 46 99 100 64 87 101 77 81 14 49 109 116 113 11 22 59 55 13 44 121 18 17 107 12 63 26 1 4 25 50 37 43 78 118 60 42 53 47 117 92 40 112 62 52 95 120 66 48 45 74 38 90 31 27 96 93 28 91 30 67 65 57 23 51 
TEST 2 ARG:92 100 46 29 40 89 4 117 26 36 3 37 68 9 58 107 27 95 104 51 17 112 59 49 94 18 79 66 52 7 12 21 25 24 87 0 81 6 71 88 23 91 108 75 55 101 115 11 70 8 22 64 44 119 106 61 41 39 109 43 93 63 54 42 30 31 20 77 10 78 113 16 15 116 28 103 35 1 90 73 120 98 122 72 74 69 114 110 80 13 96 102 48 97 60 111 85 86 83 47 33 65 105 57 34 56 2 62 118 38 5 84 99 14 53 32 67 19 50 82 76 121 45 
TEST 3 ARG:101 97 19 34 94 15 48 66 112 10 73 56 58 74 9 25 118 29 16 113 79 76 102 41 2 44 107 71 1 70 122 117 99 88 90 27 115 47 8 61 7 67 98 28 26 116 5 6 32 18 4 85 22 81 91 121 92 80 96 20 84 21 105 114 36 72 63 54 50 82 120 49 95 39 87 64 78 24 106 111 3 75 57 43 33 77 83 104 109 17 11 53 23 38 86 69 65 119 31 13 68 93 62 59 55 52 108 14 100 35 37 46 103 51 30 60 110 89 12 42 45 0 40 
TEST 4 ARG:28 57 115 42 1 80 77 100 96 25 79 54 52 23 73 105 24 60 6 15 71 50 2 21 33 47 41 0 14 36 72 107 109 76 29 48 111 84 97 10 103 89 13 92 110 44 78 85 93 45 90 106 35 32 40 65 38 81 99 116 64 53 34 20 88 68 87 117 49 7 113 43 122 55 61 16 118 112 66 26 108 8 9 39 98 120 104 69 12 86 17 31 101 22 94 91 46 83 82 5 19 4 121 70 3 74 37 119 63 102 56 95 59 11 27 67 58 75 114 18 30 62 51 
TEST 5 ARG:60 27 30 36 80 91 104 61 57 83 76 121 110 106 113 14 122 67 47 48 17 97 77 8 102 41 52 63 44 9 29 1 34 108 38 116 118 79 49 111 96 72 28 4 87 74 115 56 23 95 64 109 119 92 20 33 81 46 16 21 40 84 85 68 89 11 50 62 66 19 73 6 13 7 45 90 15 32 71 18 35 78 55 3 12 10 59 98 22 54 37 103 65 99 42 5 82 105 53 58 94 120 101 43 88 100 86 75 107 112 2 0 117 31 26 24 93 70 51 25 69 39 114 
TEST 1 ARG:29 85 27 50 61 66 82 1 53 20 55 98 44 35 108 86 88 75 111 23 18 30 114 59 106 38 84 51 118 96 4 26 0 103 48 121 36 107 68 105 52 34 8 33 76 89 54 100 2 79 41 3 42 97 74 83 28 56 62 93 92 65 116 12 109 5 73 58 113 115 117 22 40 69 120 24 72 63 31 17 80 90 67 70 87 45 91 19 102 21 37 112 71 15 57 16 104 123 99 101 11 94 78 32 10 122 43 64 49 110 9 47 25 81 14 77 119 46 13 7 39 6 60 95 
TEST 2 ARG:32 121 61 49 113 101 88 58 90 123 116 59 40 8 3 56 110 5 86 75 79 9 6 42 27 64 52 114 7 38 85 99 29 80 66 104 100 21 89 18 16 13 84 25 112 65 55 71 36 45 46 70 4 83 31 10 74 15 81 73 96 98 26 109 51 97 48 82 93 106 115 92 77 14 53 2 28 1 35 0 67 57 94 34 19 72 11 87 95 68 60 62 122 119 12 41 30 76 44 78 17 107 33 103 102 50 43 120 37 47 54 39 24 105 91 22 108 111 118 69 20 63 117 23 
TEST 3 ARG:114 65 33 40 103 81 16 71 96 52 97 91 46 115 82 22 31 75 20 6 30 121 105 63 89 110 76 45 56 25 70 54 48 78 62 26 47 102 32 19 80 86 64 58 37 94 68 41 112 122 87 109 118 123 116 92 4 55 113 12 90 43 72 34 13 8 14 10 11 39 100 17 84 36 5 7 108 38 44 60 67 74 119 2 59 15 99 9 51 120 95 50 35 3 21 107 69 104 28 66 117 42 27 0 53 24 49 111 98 85 61 93 23 29 73 57 101 1 88 18 83 77 79 106 
TEST 4 ARG:58 18 105 50 38 3 15 21 73 112 84 77 96 46 61 122 108 10 20 44 120 55 83 27 40 66 33 48 64 13 95 67 8 94 34 43 97 116 100 54 47 28 93 111 74 106 52 35 72 59 22 89 1 49 42 2 90 107 62 75 30 115 80 25 92 41 36 103 87 70 85 5 104 6 81 121 60 71 123 99 37 26 23 86 119 65 14 51 101 78 31 56 53 4 68 11 88 117 82 16 109 24 39 114 98 118 102 29 113 79 9 63 0 69 91 32 76 7 45 12 17 57 110 19 
TEST 5 ARG:9 22 106 24 66 42 13 32 48 41 77 17 92 15 61 33 116 108 104 74 109 60 37 72 7 1 98 0 70 62 91 16 5 11 81 112 65 83 29 80 56 90 51 14 86 6 43 19 58 27 64 117 63 49 114 10 2 12 111 18 100 95 71 23 93 102 25 38 107 21 50 73 105 76 55 67 96 101 36 123 87 26 47 94 45 20 82 3 89 39 68 30 78 110 115 34 118 69 121 113 28 88 4 44 119 31 79 52 122 57 99 54 59 120 75 97 35 103 46 85 53 40 84 8 
TEST 1 ARG:15 71 118 32 123 82 72 100 54 38 23 110 78 1 89 45 120 22 51 9 101 18 2 88 49 40 113 11 44 33 91 83 37 96 19 124 90 80 67 79 3 10 122 95 116 57 42 109 46 92 63 81 34 94 114 20 7 27 73 5 77 107 13 14 84 25 65 103 6 50 70 112 28 87 39 61 104 0 111 64 21 43 12 69 119 115 76 99 8 85 16 41 93 36 74 35 31 105 59 52 58 98 86 47 68 117 30 4 75 48 60 56 106 121 62 97 102 24 53 17 66 29 108 55 26 
TEST 2 ARG:29 49 72 24 55 10 9 20 108 8 112 57 91 62 36 18 59 14 45 31 107 44 124 82 77 3 66 88 7 119 28 42 25 2 96 94 106 53 43 95 110 51 35 85 89 21 117 37 90 40 30 92 104 69 122 63 58 16 22 11 56 76 103 83 86 78 97 99 0 118 101 102 80 38 79 54 70 1 39 60 4 48 75 115 73 61 32 13 123 65 68 23 34 84 12 100 111 46 109 52 50 71 47 5 121 15 120 81 105 6 114 113 98 17 19 27 64 74 87 67 93 26 41 116 33 
TEST 3 ARG:99 64 49 0 66 46 103 79 104 39 110 23 118 43 14 96 93 116 102 61 60 30 53 87 59 18 25 115 12 13 101 32 52 71 48 89 58 84 41 8 70 113 36 24 81 35 54 80 117 3 107 73 76 47 26 4 67 112 37 16 77 94 121 88 82 21 19 86 17 28 75 31 27 11 38 69 119 29 65 105 6 42 98 20 111 1 95 92 78 15 114 45 109 85 55 63 68 72 91 62 57 10 22 97 5 106 108 44 40 120 33 124 83 34 50 56 74 90 7 2 122 123 100 51 9 
TEST 4 ARG:113 88 98 109 77 91 66 55 35 111 28 12 103 120 82 3 84 59 4 10 44 48 114 124 56 6 75 14 89 63 70 108 42 19 38 93 24 122 29 121 47 107 76 85 5 87 60 15 46 83 61 101 30 110 73 36 71 94 52 117 72 41 45 58 7 90 32 26 54 18 68 21 49 20 112 34 27 102 16 79 92 39 53 43 74 86 9 104 78 13 22 62 64 95 37 50 116 118 106 11 51 96 40 67 23 57 97 25 81 17 8 119 100 31 69 33 65 2 0 80 123 1 105 99 115 
TEST 5 ARG:64 116 71 44 96 68 31 34 108 90 112 105 79 57 77 36 103 21 91 102 33 86 16 12 82 35 75 27 29 85 41 93 84 65 53 30 121 83 106 97 32 89 56 104 101 49 99 20 62 4 59 100 45 76 95 38 115 47 1 24 98 10 0 114 111 18 5 26 9 80 74 23 110 14 81 17 61 39 69 42 72 123 113 63 37 28 15 94 73 122 48 78 40 107 87 119 120 66 70 88 11 43 51 92 109 8 60 58 6 7 25 54 50 22 19 118 52 67 13 124 117 46 2 3 55 
TEST 1 ARG:38 93 91 121 86 0 54 111 98 80 100 23 30 41 18 17 57 78 65 64 60 1 92 89 29 115 40 116 9 34 110 71 4 49 48 56 68 45 82 12 73 85 44 124 83 104 113 58 95 8 36 117 118 24 101 7 16 13 14 123 3 106 42 53 25 46 81 33 55 22 72 35 87 119 125 88 84 76 70 75 107 74 51 50 120 39 69 109 26 79 63 11 15 122 103 31 90 43 27 5 108 62 94 6 59 52 112 99 47 96 114 37 105 20 61 77 32 19 97 2 10 66 102 67 21 28 
TEST 2 ARG:44 31 9 57 60 28 25 116 78 80 27 110 0 43 69 124 81 39 63 103 123 14 92 88 67 47 11 34 33 17 125 119 3 64 62 21 26 83 58 97 118 104 122 61 99 120 38 79 72 4 95 6 23 56 102 24 91 30 19 16 32 85 66 51 70 115 113 48 117 55 20 107 77 50 7 65 37 12 18 94 86 59 93 40 74 114 82 68 46 13 8 22 71 36 84 5 111 35 101 49 45 98 106 100 109 41 121 54 2 96 52 10 15 89 75 112 29 53 76 105 108 87 42 73 1 90 
TEST 3 ARG:116 78 44 27 115 87 84 105 88 16 67 89 31 36 107 94 45 54 61 56 119 86 124 106 21 77 111 49 55 6 0 20 92 32 109 101 120 122 123 71 10 102 121 118 90 13 96 79 17 58 11 12 34 46 33 80 97 110 63 28 76 125 114 98 103 95 42 62 100 53 9 25 91 99 14 85 38 66 7 1 23 30 51 5 52 8 37 104 22 43 19 117 72 74 68 41 60 47 64 108 81 24 26 59 39 50 29 65 112 70 2 75 35 3 15 82 93 83 4 18 69 73 40 48 113 57 
TEST 4 ARG:36 87 113 106 124 111 79 122 101 1 24 59 9 17 94 57 19 40 15 110 54 69 93 76 53 77 125 105 62 7 119 30 42 84 66 75 6 91 89 34 52 28 4 118 5 70 65 22 3 47 27 12 82 104 21 18 63 51 120 80 67 98 20 71 92 68 41 13 33 95 88 56 60 48 73 61 50 72 37 29 103 25 85 97 121 115 39 117 43 116 49 55 14 46 108 112 35 58 11 44 32 90 0 99 81 86 100 31 83 96 45 16 26 109 123 114 10 64 2 107 102 38 8 78 23 74 
TEST 5 ARG:72 81 30 42 22 15 14 70 37 111 18 67 99 45 44 0 106 104 64 38 122 58 73 110 107 43 115 84 40 98 108 68 96 1 17 97 49 120 48 91 59 57 26 116 112 34 85 25 125 82 86 9 60 66 123 54 76 74 79 105 71 39 23 90 95 8 119 46 89 6 2 50 28 102 101 103 19 51 35 53 11 118 93 29 16 109 41 83 121 7 20 3 62 124 117 114 100 88 75 56 69 113 47 5 33 32 65 52 24 21 92 87 63 10 13 36 12 94 61 77 4 55 27 31 80 78 
TEST 1 ARG:10 27 40 111 11 92 59 29 58 99 62 13 18 70 85 38 120 1 8 75 44 25 109 55 77 47 68 53 110 30 61 4 66 3 102 97 52 49 126 35 48 31 123 74 45 39 41 72 43 24 115 64 84 54 26 86 28 21 63 22 32 122 100 56 17 101 83 0 87 113 76 90 112 16 125 94 103 60 23 67 114 121 71 37 9 7 124 34 82 117 106 107 93 95 57 65 119 89 104 79 91 69 12 105 14 81 19 98 50 46 80 73 42 6 88 2 5 116 118 108 15 78 36 20 51 33 96 
TEST 2 ARG:114 3 7 21 41 126 61 31 22 68 59 15 124 121 2 4 65 106 79 26 11 45 23 76 69 28 109 81 94 102 93 66 36 113 87 72 67 88 111 37 123 63 118 42 54 58 74 34 91 48 40 83 64 112 29 5 62 100 71 18 110 105 8 103 44 89 97 98 80 30 16 77 43 39 122 53 85 78 75 120 108 19 9 57 115 47 20 51 125 107 70 17 0 52 38 119 27 96 33 101 6 13 90 86 116 35 46 50 117 92 95 25 49 55 73 104 32 60 1 24 10 99 84 82 14 56 12 
TEST 3 ARG:94 114 76 56 83 51 35 46 4 22 44 2 34 74 58 8 84 91 106 70 126 55 113 64 77 118 11 119 59 107 90 54 49 96 80 43 109 75 50 13 125 66 123 110 81 93 115 32 33 45 18 26 29 101 102 71 27 121 31 9 61 99 17 116 105 78 28 68 100 10 97 6 104 12 36 95 92 89 63 21 48 30 85 41 39 0 117 62 98 20 5 24 25 15 88 3 72 79 73 60 1 52 67 53 120 112 124 16 86 40 19 57 65 87 42 103 111 7 38 122 82 69 23 47 37 14 108 
TEST 4 ARG:12 23 91 86 57 60 84 63 36 106 18 51 76 108 114 124 118 46 29 99 38 7 87 98 21 30 109 34 92 78 54 67 100 13 71 105 82 28 0 4 53 88 121 43 96 20 66 11 61 90 120 41 80 103 112 22 126 6 33 70 37 102 95 15 113 19 97 5 75 119 32 3 24 49 110 64 65 93 17 83 69 101 39 2 26 10 52 27 123 74 68 107 73 8 50 122 59 94 48 35 125 77 104 16 89 116 1 42 9 117 45 62 111 25 81 44 79 85 55 47 58 40 31 72 56 14 115 
TEST 5 ARG:56 18 63 41 111 3 55 24 20 30 23 110 123 33 10 118 76 74 8 27 89 81 68 40 103 16 83 114 58 54 11 86 120 72 4 15 1 28 88 84 65 107 29 66 98 71 104 2 119 6 31 101 64 45 44 94 43 95 112 109 32 13 9 69 25 38 14 5 115 117 77 91 46 47 82 75 53 100 93 57 26 126 61 87 92 105 48 34 125 79 90 59 0 49 99 39 21 124 42 78 106 67 37 51 113 108 12 122 80 85 19 97 60 116 62 17 35 36 52 102 96 70 73 50 22 121 7 
TEST 1 ARG:107 71 19 104 78 111 16 24 85 55 113 45 54 28 103 102 51 20 101 125 42 25 6 10 118 99 11 64 96 41 108 26 87 95 109 2 17 121 110 1 119 77 63 15 12 13 90 126 46 50 79 65 30 47 66 83 29 115 91 120 23 18 5 97 35 39 114 76 4 34 59 31 33 32 124 122 123 89 72 43 75 92 70 94 60 57 27 48 74 117 8 127 82 61 86 68 56 38 36 105 58 84 40 106 80 22 112 52 100 49 98 73 116 0 21 7 3 93 37 81 88 44 67 14 9 62 53 69 
TEST 2 ARG:5 56 112 91 7 77 2 90 24 121 92 82 31 97 65 8 107 81 100 14 111 73 68 117 88 37 113 34 52 54 28 13 125 120 53 103 22 16 69 94 106 9 23 93 61 39 80 25 29 10 41 46 76 127 15 89 12 55 87 6 110 42 47 123 20 105 108 102 19 115 36 45 126 95 66 122 62 48 86 1 43 70 21 57 98 0 38 44 116 17 114 99 84 85 104 119 26 118 64 71 72 27 78 50 101 33 40 75 18 51 49 63 59 124 3 30 60 11 67 96 83 109 79 35 32 58 74 4 
TEST 3 ARG:20 32 90 8 61 97 43 16 1 123 86 42 122 18 58 52 54 49 119 38 63 12 117 11 76 105 48 100 84 19 24 26 107 5 101 125 79 21 34 121 106 82 115 53 67 99 22 72 40 59 88 80 65 35 10 0 56 96 111 57 83 14 98 81 47 39 118 17 30 55 127 31 104 91 94 51 102 87 89 74 93 64 29 6 41 37 114 110 68 13 50 33 62 85 78 69 3 120 23 28 66 95 75 36 15 2 7 113 9 126 45 116 70 46 25 60 73 27 103 108 92 71 4 44 112 124 77 109 
TEST 4 ARG:35 26 110 115 40 27 15 9 126 29 54 91 38 71 44 2 100 46 102 31 119 74 78 114 14 99 45 98 80 39 81 72 41 73 89 64 67 103 127 53 43 77 56 108 90 30 62 116 13 93 113 36 11 50 7 51 70 111 6 122 32 12 125 120 65 5 83 109 97 52 37 20 18 55 92 1 112 118 82 17 84 28 23 57 8 87 88 76 75 16 107 0 94 48 61 79 21 101 117 85 63 106 34 3 59 68 69 105 24 104 47 60 123 4 22 66 19 25 42 86 124 33 95 58 49 121 10 96 
TEST 5 ARG:119 45 124 92 98 93 17 50 12 110 61 108 103 0 106 34 46 78 76 113 77 117 52 81 87 85 33 80 121 69 16 43 122 118 25 24 28 31 74 19 70 100 107 116 13 111 96 112 6 71 26 11 62 73 48 104 15 20 40 60 88 91 57 42 39 79 49 65 97 47 10 102 82 5 99 89 66 2 90 30 53 27 9 75 18 84 21 51 23 86 54 38 22 63 109 59 55 1 35 72 4 83 58 125 41 127 123 126 3 36 7 64 95 44 101 56 115 94 29 68 114 8 32 37 67 105 120 14 
TEST 1 ARG:94 1 47 29 121 11 109 123 80 79 83 21 27 116 62 85 58 56 100 91 13 7 88 76 86 35 51 40 28 64 103 24 99 105 114 67 5 3 84 30 73 120 72 87 77 16 128 54 8 93 110 55 33 2 68 95 112 89 46 113 6 26 25 69 115 37 14 49 98 43 50 31 66 81 75 71 0 118 111 42 108 9 106 34 82 10 70 78 119 127 32 23 59 125 74 20 97 48 107 92 60 38 19 65 63 122 124 104 39 117 45 41 36 90 53 44 126 22 61 4 15 17 12 57 102 96 101 52 18 
TEST 2 ARG:17 36 124 43 81 58 92 117 75 128 122 101 53 87 125 41 47 105 94 80 62 95 85 69 19 52 22 24 70 61 79 7 1 31 18 0 45 10 109 6 4 107 3 93 76 23 91 21 51 74 30 84 118 20 77 27 66 120 60 113 9 121 46 126 38 127 32 54 73 49 123 71 42 56 110 16 57 63 29 114 86 115 78 5 28 37 104 99 68 26 96 98 103 35 106 34 2 39 8 102 119 88 15 55 112 89 33 67 11 12 59 111 90 44 108 64 25 97 13 50 14 116 40 83 72 48 100 65 82 
TEST 3 ARG:88 104 77 41 9 64 18 82 11 30 39 22 57 21 36 25 33 103 37 4 1 38 122 109 120 8 34 43 46 116 86 59 94 110 112 99 56 111 55 113 54 40 12 89 67 72 121 106 17 42 53 128 29 23 58 19 108 32 95 75 98 28 35 91 117 97 62 96 74 114 47 123 70 66 2 79 84 3 48 27 85 50 0 100 26 90 20 69 115 118 124 68 60 5 102 15 16 73 14 127 45 71 7 31 101 51 52 44 13 61 65 63 81 92 126 83 107 80 87 105 78 125 6 93 119 10 76 24 49 
TEST 4 ARG:6 93 34 92 9 78 124 7 8 100 97 72 112 104 82 35 105 109 59 115 60 125 0 99 68 91 1 120 14 13 41 43 12 117 55 106 5 38 48 102 46 53 88 11 50 116 20 118 96 95 65 85 49 110 123 71 19 42 101 45 44 122 30 80 22 23 114 16 29 47 126 24 64 62 66 3 39 26 113 15 54 37 103 75 108 51 70 119 77 87 31 67 83 58 18 107 94 61 81 98 73 57 86 111 33 36 4 17 69 2 56 32 74 28 63 76 90 128 27 127 121 52 84 21 10 79 40 25 89 
TEST 5 ARG:58 101 74 121 110 126 42 86 113 100 72 68 35 65 122 30 125 40 17 64 7 10 53 59 4 105 32 111 115 108 18 5 99 25 82 128 24 84 33 76 95 0 41 34 80 63 9 87 27 116 117 50 38 39 3 70 77 22 127 91 89 46 1 71 45 92 6 79 85 97 90 49 60 124 104 61 37 8 20 78 118 26 75 44 28 51 23 55 119 11 123 56 36 43 48 47 93 13 81 109 112 15 103 62 102 2 57 96 66 21 98 107 94 88 14 16 54 29 69 106 67 120 83 52 31 19 12 114 73 
TEST 1 ARG:29 120 28 56 75 88 115 8 18 83 20 109 114 73 1 91 44 33 96 0 9 53 51 15 39 77 54 93 87 41 78 19 7 67 34 74 68 13 129 85 25 110 11 70 24 98 16 10 32 119 80 116 124 62 58 97 4 81 105 40 122 31 79 12 107 50 112 86 84 5 63 45 21 30 22 26 64 94 72 61 23 55 103 100 36 14 3 89 121 52 118 65 6 42 43 95 82 69 92 126 71 111 37 17 90 108 48 57 35 49 123 106 27 60 38 102 117 76 2 113 128 104 125 99 59 66 127 47 46 101 
TEST 2 ARG:0 122 69 56 117 108 94 13 92 115 124 126 30 83 10 78 53 26 33 9 119 41 18 24 23 59 38 67 17 20 99 127 47 6 110 120 34 106 29 36 50 104 40 84 87 51 15 7 35 5 89 49 71 25 91 123 79 74 62 96 113 68 64 118 61 98 77 63 54 121 80 103 105 22 72 85 55 66 4 11 45 70 75 88 43 116 111 37 129 97 32 114 76 2 14 48 102 86 57 90 128 60 12 58 81 93 27 82 1 21 31 39 112 101 73 107 100 109 65 52 8 125 19 46 95 28 16 3 42 44 
TEST 3 ARG:37 71 95 68 20 9 86 99 47 61 81 64 16 69 42 110 6 78 105 36 65 32 73 90 112 115 17 97 107 91 0 106 45 34 103 3 113 122 120 30 49 15 85 33 27 89 40 8 26 53 116 41 114 59 10 63 93 96 57 125 24 92 127 123 23 38 77 80 128 84 101 54 67 21 75 13 109 119 118 55 18 60 104 70 51 22 39 43 87 12 11 76 46 66 56 117 52 124 25 82 5 111 4 35 62 74 98 88 108 1 48 83 7 29 129 100 44 58 102 31 19 50 14 121 2 28 126 72 79 94 
TEST 4 ARG:61 114 60 45 77 46 20 106 26 74 31 78 66 116 103 57 25 44 51 96 34 120 39 53 47 7 19 80 70 89 119 2 127 73 129 54 90 95 123 24 110 52 49 108 99 111 100 5 109 101 23 107 0 122 115 75 68 91 30 18 102 104 40 69 105 113 98 14 36 27 8 59 3 112 64 93 56 50 117 121 124 63 85 22 97 86 62 9 71 67 88 33 37 35 83 82 92 29 10 1 41 128 42 48 87 94 28 4 84 118 65 12 43 16 21 79 76 13 125 72 55 38 17 126 11 6 32 15 58 81 
TEST 5 ARG:105 108 15 93 23 89 48 99 76 86 30 115 45 95 31 37 27 49 114 17 124 5 25 113 110 60 46 3 6 44 21 119 98 81 10 39 72 56 85 64 40 84 50 61 127 107 41 129 16 38 79 69 74 22 120 58 87 18 96 62 11 116 55 78 111 109 57 63 94 101 66 32 54 12 77 104 70 34 82 7 14 68 36 20 88 100 125 13 43 92 51 4 9 1 52 59 128 26 65 8 2 75 33 90 80 83 42 29 91 122 126 117 71 67 106 123 103 0 53 121 47 102 97 19 28 118 112 24 35 73 
TEST 1 ARG:100 97 71 117 70 28 24 90 130 113 59 127 119 43 25 22 115 112 13 125 14 30 85 89 11 69 12 88 73 8 108 121 56 39 2 92 120 34 74 9 10 23 18 15 6 66 29 55 48 94 5 41 129 110 65 20 68 84 52 78 36 105 49 67 122 104 109 96 118 75 42 114 128 80 107 58 98 19 93 47 116 3 45 111 16 38 72 61 40 44 123 62 63 7 106 101 17 32 126 33 87 91 77 124 26 51 82 54 31 27 4 76 53 46 35 83 37 21 1 99 103 60 102 0 57 95 86 64 79 50 81 
TEST 2 ARG:35 77 21 23 119 118 15 2 38 19 69 124 94 95 6 116 13 36 101 76 44 52 98 53 111 121 88 110 127 28 10 109 59 45 60 84 79 91 63 112 86 17 106 48 3 81 46 24 129 34 30 66 58 49 125 100 18 47 0 4 114 97 82 92 50 85 104 33 117 16 20 71 61 37 99 128 29 107 105 1 89 32 126 8 87 73 27 57 26 130 74 43 75 123 54 93 56 70 39 31 51 90 115 72 14 9 25 83 64 65 80 12 22 78 102 40 113 67 7 120 103 96 122 41 55 42 68 62 108 11 5 
TEST 3 ARG:85 63 55 98 101 95 67 71 34 43 103 79 7 42 0 14 52 41 66 125 109 81 112 99 27 97 23 46 100 84 94 3 72 127 60 121 123 45 24 15 6 86 92 90 78 88 124 22 75 76 50 1 53 108 13 58 38 33 2 126 54 115 62 4 39 20 93 57 29 5 118 96 104 130 47 68 91 44 19 77 113 116 12 128 106 18 51 32 17 120 40 35 69 73 56 74 70 48 25 36 87 83 21 102 117 31 30 119 65 61 26 11 49 105 129 107 80 82 89 8 111 9 10 59 28 110 16 64 37 114 122 
TEST 4 ARG:120 53 45 90 59 1 13 118 99 15 62 125 88 74 9 115 119 19 75 91 79 81 61 34 129 47 71 54 42 36 106 5 96 66 46 84 58 22 123 3 68 113 32 72 80 103 7 127 35 48 109 128 10 82 89 56 17 2 51 78 83 18 6 49 121 57 27 94 92 24 108 93 102 55 98 39 21 52 65 116 101 33 16 43 50 112 111 12 67 0 117 30 4 25 85 14 130 44 41 26 77 122 126 37 40 104 97 64 23 105 8 73 87 70 95 28 38 100 107 60 124 20 86 11 110 69 63 114 31 76 29 
TEST 5 ARG:104 6 17 86 0 52 102 116 27 113 53 13 45 47 90 68 44 105 100 51 29 58 121 83 39 22 85 16 15 119 59 115 70 72 20 49 33 36 112 28 37 81 87 61 125 55 30 35 60 92 67 71 14 7 89 5 88 110 57 108 40 69 118 84 80 111 94 95 74 31 76 42 32 56 75 43 18 93 130 63 91 129 101 23 65 107 2 48 124 54 103 77 9 98 50 10 106 34 46 126 66 109 24 82 127 11 4 122 78 79 114 73 21 19 96 3 117 128 41 62 12 26 120 8 99 25 97 64 1 123 38 
TEST 1 ARG:77 87 2 36 106 101 111 64 89 78 86 97 55 107 67 120 70 98 22 127 123 17 32 125 53 13 65 103 61 56 113 26 79 44 129 14 82 47 57 42 7 62 124 40 30 94 8 81 108 66 11 45 58 122 1 31 73 119 117 93 24 10 0 33 105 88 80 114 126 3 63 20 6 23 109 115 99 116 19 34 68 4 72 15 52 75 41 96 18 112 48 128 100 130 85 83 43 74 110 59 131 76 84 102 104 54 121 9 49 91 51 50 71 95 39 46 60 25 38 27 118 37 28 5 12 69 29 16 21 35 90 92 
TEST 2 ARG:39 22 56 74 83 26 124 59 67 49 19 91 55 131 126 121 4 95 16 65 32 66 112 15 98 0 114 8 70 40 53 3 30 71 9 41 2 64 50 118 10 45 93 23 88 18 35 78 37 113 87 89 94 46 125 17 77 21 1 38 34 58 5 47 73 86 52 102 43 109 62 117 115 69 119 104 42 14 81 51 76 103 100 27 108 36 111 25 54 97 85 110 44 13 99 79 80 90 57 116 72 123 31 68 63 29 60 107 28 96 101 12 75 122 92 11 129 105 6 20 84 127 106 128 82 130 48 33 24 7 120 61 
TEST 3 ARG:95 75 60 102 57 31 125 113 93 73 78 50 25 9 62 41 11 91 0 70 76 87 90 58 56 39 24 82 46 53 98 81 27 80 85 51 66 21 104 43 35 3 96 2 4 65 38 29 130 88 63 108 115 64 19 71 86 79 23 34 26 120 14 52 32 123 54 111 129 97 40 99 28 10 59 84 30 124 83 117 55 119 122 100 48 6 127 106 15 12 47 1 112 126 13 94 18 61 105 72 17 89 101 69 107 45 44 114 131 8 110 109 42 68 121 77 92 37 116 74 7 33 36 20 49 103 22 118 128 67 5 16 
TEST 4 ARG:127 49 2 24 89 107 98 69 47 87 21 44 83 81 128 68 117 26 102 123 43 76 67 114 74 50 60 14 54 122 31 108 131 4 1 16 86 110 33 29 103 17 10 66 32 23 64 48 70 59 9 90 57 106 78 96 129 111 3 11 85 19 30 121 22 39 40 93 7 80 109 99 55 101 15 116 72 104 115 52 130 84 25 56 45 8 36 105 92 112 73 77 20 13 42 125 75 94 27 62 51 79 34 5 65 61 95 88 0 18 71 100 124 53 126 28 38 120 113 6 35 91 41 58 118 97 63 37 119 46 12 82 
TEST 5 ARG:113 101 79 10 89 55 42 76 47 97 119 11 123 109 66 74 1 26 61 5 121 25 95 130 48 14 23 124 56 60 93 41 4 52 67 22 30 69 65 19 31 80 64 83 98 68 36 28 49 96 78 106 131 50 111 104 7 110 12 107 57 29 82 0 105 127 108 13 100 51 115 87 8 2 46 3 88 20 120 16 77 62 72 126 6 118 15 90 45 116 94 27 91 44 34 129 53 21 85 40 18 58 54 32 102 37 114 39 59 75 73 33 71 24 43 84 92 128 86 122 125 38 112 35 81 70 17 9 63 117 99 103 
TEST 1 ARG:75 93 41 110 85 30 47 55 18 35 45 102 132 76 36 68 26 80 103 9 38 99 50 130 32 117 0 31 87 95 88 39 51 105 67 17 94 120 57 16 12 78 129 79 3 100 40 14 1 52 53 34 20 60 106 96 21 118 46 81 72 48 92 126 64 33 104 90 66 115 71 84 111 15 59 22 25 109 113 28 101 19 5 127 8 29 62 123 131 91 63 49 65 77 107 44 27 97 6 121 11 89 128 74 114 108 73 116 82 112 13 23 58 98 124 24 122 2 119 56 70 43 61 4 125 10 7 54 83 86 37 69 42 
TEST 2 ARG:104 85 63 124 105 54 113 35 96 98 38 129 66 65 84 41 50 29 64 8 73 47 4 22 109 115 86 60 12 11 99 45 95 79 32 126 116 106 114 58 39 37 69 102 88 14 123 112 9 72 77 67 76 33 78 31 118 25 44 121 110 93 53 83 70 74 80 107 20 91 2 81 48 100 120 89 43 111 117 13 15 49 5 75 0 57 108 59 94 46 21 132 90 51 97 55 18 17 122 10 30 3 36 92 101 6 125 19 23 128 71 68 130 103 131 1 42 61 24 26 119 7 28 16 127 87 82 52 34 40 27 62 56 
TEST 3 ARG:34 115 130 35 106 42 3 114 94 102 129 77 75 29 8 49 80 21 124 86 109 52 79 121 57 84 123 74 22 37 62 66 72 28 1 53 98 110 118 69 50 6 11 111 25 108 60 67 64 39 30 113 105 46 40 128 31 23 51 90 103 101 43 14 5 56 24 68 131 4 122 47 13 0 38 32 70 48 54 45 18 7 104 95 26 71 10 85 126 16 33 112 100 27 96 132 87 41 2 17 65 76 107 99 82 97 63 89 127 119 125 9 81 93 61 12 116 117 83 44 120 20 55 88 19 36 78 15 58 92 73 91 59 
TEST 4 ARG:82 121 7 66 107 87 71 37 25 12 36 5 77 51 111 100 61 56 123 86 42 94 18 120 124 93 6 106 84 68 60 38 76 16 43 4 35 118 113 32 97 89 39 53 19 88 116 3 59 79 34 69 92 23 131 62 75 90 74 112 41 80 128 67 108 44 65 78 40 72 8 119 127 2 58 1 26 85 24 130 30 49 129 70 17 63 122 73 21 57 81 48 110 52 45 0 115 98 95 28 103 102 29 105 47 11 33 9 31 117 55 64 14 96 83 46 132 54 20 27 99 15 126 13 91 101 10 114 104 125 109 50 22 
TEST 5 ARG:27 98 5 56 88 46 80 52 108 18 15 50 32 42 76 112 91 123 125 89 79 119 22 2 41 57 93 110 61 54 81 43 36 74 73 126 105 82 21 92 0 86 63 58 87 97 12 25 33 47 48 64 23 28 19 44 95 68 53 66 120 14 78 51 38 127 10 121 106 116 99 111 115 9 13 104 94 85 34 71 84 114 16 31 40 37 117 49 132 4 20 100 39 122 128 103 17 55 75 67 35 45 11 1 29 24 109 130 83 113 70 6 96 102 72 124 101 30 118 131 77 7 129 26 8 59 3 90 60 62 65 69 107 
TEST 1 ARG:111 65 81 92 124 100 122 0 128 23 104 67 129 107 95 47 44 60 20 55 49 24 38 71 28 89 6 112 29 63 99 42 36 30 90 72 8 17 64 32 37 11 108 45 117 97 48 35 115 22 2 1 120 14 69 26 59 85 93 56 84 118 123 50 121 94 132 3 12 58 53 130 52 125 102 34 43 51 131 126 54 74 82 87 27 68 75 61 33 79 106 41 110 70 88 113 105 15 10 96 39 76 80 133 73 19 40 77 31 91 5 86 46 127 116 98 78 7 4 25 83 119 101 109 57 114 21 16 13 9 62 18 103 66 
TEST 2 ARG:43 26 66 69 120 104 31 122 92 7 12 67 2 133 71 44 39 10 0 115 119 34 14 36 72 78 35 75 91 79 126 124 19 54 27 94 24 97 64 86 45 56 17 22 96 87 73 1 49 11 63 42 125 65 113 6 127 46 8 116 112 48 37 51 21 55 77 59 33 93 3 82 130 128 129 76 101 81 53 99 74 9 62 131 70 18 5 118 111 110 60 68 57 28 103 100 95 90 105 121 23 40 114 85 29 52 61 83 25 98 13 88 16 132 117 89 80 108 41 123 102 58 109 30 15 84 20 4 38 32 106 47 50 107 
TEST 3 ARG:80 103 63 13 38 84 88 25 36 81 56 42 55 53 7 46 8 86 90 20 68 116 121 18 49 77 111 107 124 27 126 129 59 108 47 119 74 100 83 26 67 45 102 22 12 92 93 118 112 28 87 14 9 24 95 131 29 96 117 2 51 91 110 11 39 127 98 58 113 123 79 114 71 128 132 50 69 120 6 85 106 72 82 48 101 21 32 75 65 15 43 104 33 133 1 4 125 57 76 17 61 23 122 10 0 130 64 5 60 115 3 54 78 70 35 109 66 89 44 31 52 73 16 99 41 94 62 40 30 19 97 105 37 34 
TEST 4 ARG:11 109 124 117 23 21 122 91 103 3 20 30 97 69 62 42 66 39 61 56 4 28 10 16 7 131 95 24 1 38 14 129 121 80 27 94 87 32 123 100 116 13 92 75 57 2 50 12 26 22 48 35 105 19 29 49 133 96 41 114 9 65 110 84 67 55 31 81 120 90 70 107 119 111 78 130 125 88 106 15 59 98 77 52 74 8 71 104 54 112 68 46 63 72 115 128 127 132 83 0 40 45 43 17 58 89 113 101 86 37 51 33 85 126 79 118 99 5 60 47 44 73 6 93 25 36 18 53 102 34 76 82 64 108 
TEST 5 ARG:109 9 54 44 84 111 67 78 61 64 51 47 4 24 25 12 74 79 93 112 130 34 19 99 15 68 66 48 50 37 62 88 126 27 33 53 75 46 85 49 38 95 113 86 115 21 82 71 13 102 58 121 17 56 70 106 90 43 122 97 77 30 80 3 110 35 89 5 65 98 129 59 18 96 127 1 87 22 32 11 16 132 29 116 120 7 20 101 131 117 69 31 0 40 52 42 8 55 10 6 45 94 125 118 107 73 81 72 57 92 128 39 119 23 133 41 114 26 28 100 76 103 36 63 123 105 60 91 14 104 108 124 2 83 
TEST 1 ARG:31 117 50 61 75 79 9 19 58 12 72 114 63 20 118 3 107 41 97 16 28 93 13 49 8 83 128 45 123 105 90 133 110 15 35 85 10 24 76 5 51 81 37 68 36 18 43 0 95 112 32 67 130 106 22 27 80 124 92 53 104 26 2 122 70 30 59 125 111 102 71 126 47 33 34 96 1 39 57 87 132 131 60 52 65 29 17 46 56 38 116 55 121 88 113 48 62 73 108 120 69 99 89 6 21 42 64 66 82 91 23 86 84 98 25 134 127 103 94 77 74 40 109 4 115 44 101 14 11 78 54 7 119 100 129 
TEST 2 ARG:91 34 64 31 105 36 122 121 55 93 56 16 29 83 27 40 119 95 128 1 109 98 10 115 74 58 125 60 22 126 6 68 134 49 106 2 23 81 63 77 51 8 94 24 102 97 72 104 7 14 96 132 18 50 84 20 107 15 124 89 12 62 99 59 111 67 116 17 73 117 25 118 48 0 47 43 5 108 120 131 19 37 21 82 9 4 92 112 26 61 33 52 78 114 3 41 13 76 39 71 65 44 103 86 35 133 130 66 30 80 70 42 127 69 53 32 87 113 11 90 28 100 57 54 38 79 129 88 45 85 75 123 46 110 101 
TEST 3 ARG:70 117 79 50 97 64 105 22 76 29 85 129 133 98 78 16 80 7 17 82 92 61 47 93 40 125 101 11 66 73 124 107 38 106 91 118 86 67 128 109 36 35 74 71 43 90 30 110 31 94 10 119 28 18 111 121 5 102 53 123 14 21 134 54 112 26 58 59 13 33 68 72 75 60 132 87 55 89 63 2 113 39 9 44 100 116 1 83 46 62 23 4 103 42 34 57 104 15 25 81 77 45 96 49 84 127 27 6 19 51 122 12 88 52 41 20 69 8 3 0 130 32 131 56 65 95 99 24 126 37 115 108 120 48 114 
TEST 4 ARG:69 118 21 88 26 49 1 120 116 18 83 70 123 109 39 129 52 80 74 122 87 46 6 98 82 85 73 45 76 27 20 72 31 131 61 60 17 64 117 67 75 101 4 7 95 24 12 38 23 96 99 105 130 93 77 15 71 125 65 89 66 103 86 22 111 53 114 107 78 55 40 56 62 48 113 100 16 112 132 106 92 42 91 5 119 47 97 30 127 81 121 102 104 3 51 10 58 33 63 84 36 126 0 28 94 50 14 59 54 115 34 43 32 19 79 29 2 134 90 133 41 11 44 68 8 110 57 9 37 128 124 13 108 35 25 
TEST 5 ARG:5 112 6 91 57 115 14 62 43 86 11 90 44 50 46 40 103 89 51 21 92 72 61 68 27 107 117 60 4 32 77 25 126 129 24 29 36 18 111 134 124 100 23 88 123 56 31 59 74 65 35 9 0 121 30 73 132 67 69 54 20 93 130 71 39 38 55 81 12 37 95 3 120 118 7 63 78 22 83 49 114 33 94 133 108 28 119 97 15 8 34 16 99 125 53 96 98 109 17 85 13 41 127 75 105 82 26 66 76 1 131 70 64 106 19 2 10 48 52 45 58 84 101 128 87 110 80 104 42 122 113 79 116 47 102 
TEST 1 ARG:80 127 79 12 121 105 28 58 82 102 13 31 26 30 123 46 16 90 60 23 72 83 132 110 17 89 61 135 106 129 37 44 113 8 42 115 76 64 21 100 33 77 93 38 103 91 49 0 51 117 56 6 73 62 65 99 74 97 47 92 29 107 94 18 14 124 75 2 10 27 11 39 7 108 67 32 109 125 81 126 53 96 87 88 50 70 119 55 78 69 101 34 86 134 111 120 3 104 98 48 15 130 59 71 66 45 5 19 35 43 131 128 114 1 95 84 40 24 20 63 9 4 133 41 118 68 54 57 116 122 25 112 22 52 85 36 
TEST 2 ARG:13 69 71 122 116 104 31 59 26 127 42 111 92 114 102 107 41 60 113 40 18 101 24 131 73 8 7 89 118 37 91 50 4 43 12 19 16 65 106 38 75 22 130 3 44 52 72 56 108 5 57 62 27 93 30 105 128 35 32 48 53 133 90 21 88 66 61 86 28 2 45 55 123 109 63 15 76 99 117 80 77 33 95 135 49 96 94 125 1 68 112 9 134 34 126 110 121 47 36 20 84 51 74 120 6 119 85 83 58 67 54 82 81 124 17 0 129 79 97 87 103 25 39 10 115 46 98 78 70 11 23 100 64 132 14 29 
TEST 3 ARG:10 28 135 75 58 70 41 134 12 96 83 117 61 18 98 42 90 71 109 97 11 32 94 127 35 16 46 54 107 87 19 43 47 68 2 15 51 114 38 21 126 56 3 111 108 60 76 74 59 131 26 0 115 79 39 100 5 112 84 99 20 55 73 63 81 128 88 9 62 65 95 50 53 86 116 29 72 4 23 110 37 67 121 118 93 104 6 31 120 77 8 122 80 85 40 91 57 129 130 36 34 64 92 17 103 102 125 123 49 82 69 105 45 124 27 30 132 14 78 25 133 101 33 24 113 7 106 66 119 52 22 13 44 89 1 48 
TEST 4 ARG:9 83 92 50 95 128 118 32 36 114 33 2 117 63 93 98 132 116 10 43 66 73 64 37 74 56 112 94 52 7 20 82 87 15 111 41 72 61 78 123 26 0 18 130 107 88 122 86 44 59 23 81 45 38 12 96 19 40 67 55 54 108 4 53 49 39 134 60 124 14 47 16 62 51 109 6 35 70 65 135 8 79 126 24 76 22 104 80 127 34 113 131 27 25 17 46 133 3 58 77 121 129 103 100 105 125 91 89 5 69 85 99 90 31 120 71 68 110 115 102 1 97 84 42 28 21 106 48 75 13 11 57 30 29 119 101 
TEST 5 ARG:25 100 6 74 121 37 123 99 49 73 16 24 119 135 87 105 41 64 133 94 66 109 3 7 83 115 76 51 97 38 86 69 63 70 91 48 10 2 90 57 95 4 54 125 14 113 71 129 61 67 0 60 18 89 9 130 79 116 120 23 82 112 1 128 34 108 122 118 53 44 19 106 107 45 77 80 75 62 22 93 124 20 17 36 8 47 126 12 65 46 43 117 78 102 5 52 33 114 35 111 103 81 31 21 88 26 98 84 27 42 68 32 50 30 58 39 101 11 55 131 59 28 132 127 56 104 110 96 13 72 134 40 92 29 85 15 
TEST 1 ARG:33 43 6 118 64 128 124 63 93 19 75 98 60 66 69 32 11 28 95 7 34 24 39 99 102 54 83 57 8 36 49 115 107 80 86 129 47 0 73 68 104 21 72 41 59 85 40 84 134 94 18 125 45 111 2 53 101 17 70 133 55 31 120 52 30 113 96 12 91 90 97 131 62 5 48 14 114 100 29 135 58 76 88 35 13 132 103 136 77 71 74 16 81 26 67 89 105 121 130 123 109 82 108 79 44 110 23 122 1 27 112 4 46 9 25 3 126 42 15 127 65 37 61 50 78 106 51 56 116 92 20 87 22 38 117 119 10 
TEST 2 ARG:52 122 73 121 128 71 33 41 46 54 55 78 25 136 29 24 49 88 67 45 114 91 117 75 102 18 80 57 30 10 37 116 92 109 13 44 68 69 16 113 112 27 8 60 61 22 21 42 96 83 103 14 89 126 23 65 34 58 87 38 15 2 47 76 9 56 74 59 43 90 99 11 12 95 86 101 28 17 35 85 97 62 53 124 120 94 119 135 98 36 118 51 5 123 77 72 82 32 1 40 26 0 105 3 93 64 39 129 66 70 127 104 131 79 31 19 110 100 48 50 108 133 111 115 63 107 132 125 4 84 81 106 20 130 134 7 6 
TEST 3 ARG:46 117 33 14 42 103 119 116 110 38 130 113 28 6 15 24 73 88 3 11 13 53 128 106 99 36 132 50 63 72 0 74 55 45 10 16 124 67 104 77 78 22 120 107 79 92 80 12 9 81 114 127 94 8 123 69 4 129 34 5 76 1 47 31 87 7 84 109 49 23 66 100 96 133 93 122 26 20 52 111 65 40 2 108 64 60 136 98 97 48 121 25 91 71 41 115 112 83 82 86 68 61 43 131 89 90 125 56 75 70 19 101 51 126 37 17 62 59 134 57 118 21 95 58 102 135 85 18 35 54 30 39 44 105 29 32 27 
TEST 4 ARG:22 21 93 14 45 110 102 47 123 24 12 73 135 50 84 43 56 48 33 82 86 2 34 100 7 25 74 130 68 63 127 131 40 103 105 51 8 132 87 126 111 117 124 91 35 85 83 99 10 109 38 78 26 119 42 0 125 36 59 81 44 70 61 17 129 23 53 116 106 72 31 29 98 120 5 101 77 27 39 133 108 95 20 96 97 118 4 89 90 46 114 71 49 15 32 58 65 28 18 13 128 79 92 121 66 67 16 113 115 41 88 62 11 112 122 3 60 1 9 136 134 94 69 104 57 75 37 19 55 30 107 80 64 54 52 6 76 
TEST 5 ARG:107 41 118 71 95 123 86 100 117 65 7 133 85 46 61 49 37 112 8 9 55 92 30 83 28 58 96 36 89 84 108 23 18 70 109 11 34 19 53 35 63 32 125 25 42 48 72 60 26 43 122 50 79 20 64 82 87 80 81 105 2 67 13 52 39 76 77 110 51 135 10 57 94 129 33 66 29 113 119 102 56 27 47 69 21 98 14 114 134 104 6 121 93 91 5 62 68 4 106 136 103 38 16 88 127 31 101 3 120 12 131 0 59 90 130 44 15 124 116 22 111 128 40 45 54 74 17 75 24 99 126 97 115 1 132 73 78 
TEST 1 ARG:125 59 51 129 124 114 95 113 93 89 39 46 34 23 137 63 40 30 37 102 100 91 117 50 112 0 33 121 122 111 3 128 103 14 36 54 31 92 65 1 44 132 119 79 75 48 62 110 25 12 116 96 126 73 22 58 108 18 41 70 106 120 90 19 20 21 5 16 38 123 32 88 94 28 86 85 26 11 131 49 15 52 83 74 53 45 82 9 107 99 80 81 56 136 72 29 133 2 64 68 8 24 7 42 76 69 10 78 17 84 109 105 127 27 77 67 61 134 55 13 35 60 57 118 66 97 135 47 130 6 71 101 98 104 43 4 115 87 
TEST 2 ARG:57 12 65 39 43 134 91 129 23 122 72 106 29 73 4 117 107 103 48 136 123 87 17 116 50 14 100 11 24 25 15 105 32 79 110 1 119 104 90 2 62 109 135 97 10 13 28 26 46 115 19 51 3 83 41 55 77 125 131 61 37 120 124 112 49 133 111 9 75 78 127 5 71 113 7 66 16 85 93 92 69 6 99 126 118 60 38 0 82 132 101 102 80 130 40 68 94 44 33 45 58 36 84 18 30 21 22 20 59 27 8 114 64 67 74 35 70 108 96 54 98 52 56 86 76 128 53 34 63 88 137 47 81 42 89 121 95 31 
TEST 3 ARG:99 71 53 89 44 46 32 117 5 75 41 55 115 88 59 125 91 93 101 12 123 121 37 110 74 109 48 112 83 96 76 57 60 127 80 62 35 132 79 52 26 78 131 100 81 65 47 27 24 103 98 18 124 25 64 107 136 72 2 50 43 85 10 84 17 4 20 22 73 104 128 108 28 7 11 6 30 77 111 51 39 31 58 45 120 54 137 29 9 40 61 33 105 69 42 116 130 16 0 38 106 82 94 86 66 113 90 97 1 114 21 122 8 3 95 119 102 134 67 129 23 19 56 14 34 126 15 135 92 49 87 36 118 133 13 63 68 70 
TEST 4 ARG:128 105 79 136 115 82 66 31 52 83 118 19 49 33 14 134 21 99 44 51 96 67 7 5 126 30 40 77 135 53 50 110 133 65 98 61 63 37 97 86 28 84 129 104 69 113 20 120 22 43 39 2 47 80 4 78 29 18 32 88 27 108 36 89 125 94 121 17 8 92 58 38 13 46 91 76 10 74 114 48 93 112 122 24 124 123 11 34 103 127 59 45 42 130 41 109 100 23 85 0 71 119 3 73 9 101 25 95 137 107 6 132 56 1 75 15 90 64 68 117 57 35 106 116 16 12 87 70 72 60 62 81 54 111 26 102 131 55 
TEST 5 ARG:53 101 136 78 75 109 37 103 111 80 12 13 121 69 132 42 15 88 72 131 43 64 36 5 46 4 83 54 95 39 107 6 120 1 114 113 93 22 67 8 112 50 92 108 73 61 105 47 24 82 102 86 30 2 10 14 19 26 20 110 119 104 99 23 87 74 35 31 29 51 135 48 17 134 40 55 124 96 76 118 0 127 44 27 89 63 41 7 79 52 3 123 25 128 57 21 130 94 66 84 100 58 65 77 28 34 98 38 71 11 70 62 18 60 116 126 90 85 33 133 129 68 125 137 49 45 32 122 91 115 97 56 59 16 117 9 81 106 
TEST 1 ARG:124 95 12 52 107 115 6 28 9 138 56 30 112 126 33 87 10 29 23 31 22 26 5 53 15 46 96 66 114 84 63 91 37 79 110 80 120 34 92 44 106 137 7 129 75 117 42 16 21 49 77 13 136 130 118 36 50 58 18 69 132 32 65 105 54 25 1 4 111 135 20 103 59 14 82 2 45 86 48 71 123 102 70 100 128 72 85 51 101 67 98 0 94 62 8 11 122 127 116 61 40 113 104 88 43 78 90 35 55 83 109 17 133 73 108 47 99 74 64 131 38 19 125 89 134 121 68 76 97 41 39 81 57 27 93 24 3 119 60 
TEST 2 ARG:23 114 13 25 50 72 102 36 138 110 125 21 19 71 28 43 106 100 9 88 116 82 112 120 73 45 132 6 7 93 77 38 48 135 31 122 20 0 22 95 123 133 81 14 84 40 99 117 92 78 35 136 41 30 126 113 121 86 90 76 8 55 24 34 101 97 74 98 66 111 75 127 5 115 62 10 89 109 29 87 32 42 108 96 58 119 16 80 11 44 131 107 68 60 91 27 65 64 37 67 52 137 46 17 54 18 124 33 105 63 70 134 15 47 104 79 51 118 103 94 83 12 39 1 129 130 59 26 49 3 69 61 53 56 128 2 85 4 57 
TEST 3 ARG:128 110 97 38 95 14 109 112 129 113 48 96 116 80 15 131 18 111 23 125 137 35 9 0 53 5 74 39 77 42 26 81 71 101 60 41 46 76 50 33 70 88 135 98 54 56 12 3 49 119 34 123 127 79 4 40 100 84 66 121 22 122 134 55 83 87 59 136 10 44 28 117 62 7 138 57 47 85 32 6 92 118 20 30 78 11 126 64 72 89 65 21 51 130 29 106 61 94 99 86 24 105 17 102 52 91 93 120 37 73 133 107 63 104 25 90 58 31 124 2 115 27 8 13 114 108 68 69 43 19 45 16 75 36 132 67 103 82 1 
TEST 4 ARG:108 53 12 28 67 58 69 133 27 76 42 35 86 88 29 4 123 95 68 90 44 124 70 129 36 57 93 122 84 1 40 106 33 128 46 73 39 34 63 60 113 111 14 62 97 9 78 103 0 16 91 48 47 74 99 22 115 38 65 37 127 26 55 130 119 96 72 134 94 125 114 102 87 120 25 18 17 5 52 7 50 23 3 20 79 92 118 64 101 49 41 81 98 66 109 131 21 30 137 135 13 80 126 56 31 107 61 83 11 82 100 32 54 116 110 59 132 138 19 121 89 71 8 24 15 51 75 104 105 117 85 2 10 77 45 6 136 112 43 
TEST 5 ARG:48 68 31 116 134 59 23 58 131 25 62 3 13 108 1 64 119 135 122 38 104 22 103 7 49 43 86 4 24 40 17 111 90 71 83 32 102 132 129 27 121 107 52 0 19 21 57 10 6 137 34 138 56 82 5 123 125 117 113 106 67 37 100 33 35 133 130 63 39 87 46 11 12 126 109 124 115 81 78 44 69 42 92 14 47 66 105 61 84 76 101 88 51 93 9 26 28 128 74 96 65 94 36 110 55 120 85 127 95 80 114 136 16 20 91 41 30 112 99 79 2 77 18 54 97 89 53 98 29 45 8 70 118 72 75 15 50 73 60 
TEST 1 ARG:123 85 128 80 116 25 15 16 136 106 92 7 24 75 13 117 68 22 27 104 6 1 112 67 0 132 12 110 26 107 44 66 14 61 131 114 120 43 30 29 49 52 42 83 11 79 111 65 103 77 33 69 89 96 55 93 10 41 115 50 53 60 73 127 102 87 45 84 139 126 23 34 20 35 129 58 64 95 97 94 122 40 3 88 4 28 76 71 98 138 59 5 9 36 101 19 134 74 70 135 137 57 47 113 119 46 38 48 39 100 133 109 54 108 99 118 125 18 51 2 82 78 72 86 62 17 37 130 32 81 121 105 91 124 63 90 21 56 31 8 
TEST 2 ARG:126 134 128 66 64 83 137 13 116 37 82 34 105 51 125 0 85 92 77 59 68 31 131 100 17 78 133 44 117 74 96 106 57 7 104 62 9 46 18 113 127 73 27 8 50 115 110 76 33 19 2 69 129 58 11 63 97 109 119 10 60 72 120 32 70 130 118 121 67 108 107 1 41 5 24 90 28 75 6 84 95 101 43 65 54 14 98 40 35 139 94 52 4 36 20 48 42 123 39 15 122 138 136 56 61 112 91 93 79 86 80 81 87 88 132 53 124 99 3 25 22 29 71 16 30 45 49 114 21 38 23 89 103 55 111 135 47 26 12 102 
TEST 3 ARG:35 49 101 76 119 72 32 57 74 117 123 103 15 60 86 125 27 95 22 104 92 126 24 46 16 98 1 45 114 53 9 81 93 54 106 23 51 21 59 42 56 122 6 84 88 135 137 26 66 87 77 19 33 82 71 109 14 39 108 110 31 83 113 55 2 131 25 34 0 107 111 28 75 120 116 124 105 65 133 5 37 38 10 73 79 134 128 136 115 89 58 112 20 90 11 41 69 130 129 96 8 44 138 61 40 99 94 68 85 121 3 30 62 70 7 78 50 36 139 48 17 132 64 29 102 18 12 80 47 118 100 43 67 91 63 97 127 4 13 52 
TEST 4 ARG:84 134 135 107 66 104 67 94 15 69 31 105 81 32 10 82 0 36 115 3 128 129 117 136 125 16 90 37 14 65 12 13 112 88 85 40 93 41 11 5 56 7 130 77 22 110 17 71 97 63 21 46 50 8 59 58 123 51 113 131 116 42 137 28 92 68 114 18 132 96 121 138 34 91 25 43 95 73 106 64 54 4 52 108 72 38 55 30 79 99 33 87 102 60 83 133 75 57 49 39 103 86 61 120 24 2 62 47 139 122 109 6 23 74 29 35 27 44 89 101 98 111 9 78 124 100 45 20 26 126 118 19 53 127 119 80 70 76 48 1 
TEST 5 ARG:106 118 36 99 69 39 129 15 13 115 61 68 111 105 26 72 138 11 44 139 9 98 57 16 34 14 6 2 54 52 86 73 92 45 90 96 116 19 128 25 121 75 60 89 59 62 37 47 120 56 27 100 43 103 122 20 58 127 55 85 123 88 50 137 133 101 107 113 77 7 67 30 38 66 18 119 76 79 42 10 93 33 29 135 117 83 1 5 64 124 130 31 95 4 109 3 91 131 46 104 87 134 84 40 28 78 63 17 94 8 70 48 53 108 80 12 132 65 125 110 22 51 74 0 102 21 126 35 41 71 114 81 24 136 112 97 82 49 23 32 
TEST 1 ARG:20 78 135 95 91 10 68 77 51 99 80 123 62 15 86 79 98 22 7 118 57 69 122 76 83 60 85 48 63 124 66 111 38 52 21 67 1 112 108 43 129 70 97 72 29 90 84 125 28 3 61 117 73 92 5 137 139 18 121 27 113 128 102 64 37 31 58 35 9 50 101 59 134 25 71 138 47 49 13 54 16 30 120 100 44 36 53 116 132 32 11 127 14 42 115 12 74 114 103 87 65 39 89 19 34 94 26 136 8 88 119 130 41 2 82 106 140 81 55 93 17 24 4 40 133 23 105 75 6 131 33 46 104 0 107 126 56 110 96 45 109 
TEST 2 ARG:6 89 51 45 92 82 19 79 140 24 112 63 8 1 54 30 36 103 56 22 5 81 107 31 83 38 76 32 87 110 42 34 118 66 48 94 27 93 131 0 44 127 43 130 128 50 68 125 113 105 64 78 7 134 99 35 88 16 72 11 86 117 74 41 111 49 9 108 124 100 120 61 47 85 21 132 33 69 2 58 91 18 62 10 4 29 37 126 123 136 28 122 17 73 39 115 3 139 26 90 20 13 57 40 12 106 75 53 119 65 14 67 52 55 129 70 95 25 102 84 133 121 135 15 116 104 138 96 98 59 109 23 60 77 137 46 101 71 80 114 97 
TEST 3 ARG:111 2 55 126 54 1 98 36 38 124 110 64 40 88 13 23 27 70 46 104 130 26 108 68 61 93 102 121 47 72 131 15 75 114 135 105 84 51 95 116 107 31 112 99 106 41 122 17 85 113 34 100 87 8 21 109 128 33 20 7 139 79 66 25 39 117 115 32 14 91 49 101 22 3 129 30 73 134 83 58 77 35 65 28 78 125 6 119 81 56 97 11 37 118 137 103 24 19 0 92 67 18 53 140 138 132 42 52 133 12 45 127 82 86 43 48 89 9 94 136 16 71 63 96 29 5 74 76 10 120 69 44 57 90 80 62 4 123 59 60 50 
TEST 4 ARG:100 39 77 137 56 26 55 10 106 28 3 1 109 68 41 23 27 120 112 70 115 7 49 46 6 4 74 95 32 30 93 121 43 48 14 131 13 114 64 113 42 40 79 89 132 86 140 9 99 136 71 134 38 11 107 127 81 53 8 87 91 84 65 98 17 5 138 73 83 69 37 12 35 129 66 101 24 62 57 94 126 75 61 52 97 123 108 111 16 29 31 80 0 119 105 72 133 33 47 20 19 2 25 85 34 92 67 78 116 44 118 130 58 51 54 124 125 110 50 82 59 135 104 88 60 36 63 45 22 96 18 76 15 139 117 90 103 21 102 128 122 
TEST 5 ARG:60 25 73 102 90 18 1 116 128 82 115 122 106 15 136 46 124 85 69 105 6 51 110 13 78 71 72 68 140 58 113 120 3 129 70 133 99 38 29 41 92 54 48 117 101 109 0 91 62 134 80 135 21 2 123 103 17 14 66 20 127 74 137 44 87 132 57 94 79 81 11 63 77 50 97 126 75 42 84 52 49 27 65 47 104 34 100 22 93 16 31 114 43 9 59 76 64 35 138 36 45 83 86 118 37 111 112 26 125 7 19 139 10 67 4 30 8 61 121 130 119 98 56 32 89 28 33 23 24 96 55 108 107 131 12 88 53 5 39 40 95 
TEST 1 ARG:141 98 70 99 107 29 35 0 69 101 54 134 75 39 23 2 38 123 51 47 110 78 52 121 125 67 59 13 129 64 40 22 118 55 37 26 58 137 94 63 80 32 108 140 113 84 130 61 3 102 89 105 68 122 132 133 114 41 24 6 136 83 53 77 30 138 92 65 10 88 43 17 85 120 112 21 115 128 135 28 57 19 9 50 27 72 46 87 31 62 7 36 79 73 20 74 5 111 82 14 131 90 4 18 42 109 8 124 49 81 71 66 104 33 16 100 56 45 106 1 93 139 12 25 119 76 15 60 91 116 127 44 11 86 95 126 117 34 96 97 48 103 
TEST 2 ARG:119 117 94 69 9 84 20 133 72 16 123 95 44 85 50 36 81 47 111 138 105 54 132 137 115 122 17 80 0 99 98 52 89 70 104 11 103 55 128 25 65 24 27 57 127 82 48 23 75 134 45 79 46 1 131 71 53 140 58 21 10 40 3 6 130 129 59 67 112 87 141 18 83 8 31 136 110 107 93 34 62 90 121 41 38 109 100 12 15 88 26 73 74 19 97 135 68 49 14 61 77 120 126 22 32 118 101 86 51 37 124 42 56 96 7 60 30 29 106 28 113 33 13 91 66 139 64 114 108 43 39 78 102 5 116 63 125 35 2 92 76 4 
TEST 3 ARG:96 26 32 31 45 64 122 115 51 25 100 18 56 110 120 61 8 7 91 79 94 101 13 11 132 37 84 113 134 47 19 125 71 103 109 58 20 105 95 15 41 17 6 123 28 128 78 80 16 35 92 69 97 114 46 136 53 70 55 129 9 87 54 63 12 139 108 85 82 10 102 118 57 44 67 107 111 50 48 30 59 60 106 137 40 72 43 131 88 81 66 124 90 73 98 22 24 99 65 104 83 5 4 86 27 23 49 38 77 29 130 141 34 93 42 2 21 14 121 39 74 89 127 3 119 117 135 1 62 68 0 138 140 76 75 126 116 33 112 36 133 52 
TEST 4 ARG:126 42 31 24 97 88 21 118 58 101 93 38 40 140 136 104 121 99 75 65 9 135 26 57 32 87 62 83 122 64 37 72 36 138 137 67 20 113 116 96 89 61 74 77 131 95 71 70 115 1 30 52 55 79 92 53 112 125 46 17 84 82 33 19 48 44 4 43 130 39 94 63 102 28 108 22 139 54 110 2 29 3 111 90 66 23 78 80 25 132 0 128 59 10 5 107 68 117 123 119 41 81 60 106 50 27 47 15 124 73 16 120 14 69 129 18 35 91 76 105 45 56 13 51 8 127 133 114 11 98 141 6 34 7 109 85 49 100 86 134 103 12 
TEST 5 ARG:65 45 21 53 51 100 47 106 101 48 89 78 16 5 121 54 13 6 98 3 36 12 99 20 75 77 107 109 25 83 111 131 138 4 132 137 74 90 80 34 81 122 97 71 37 141 115 7 87 95 28 11 139 46 91 62 129 104 2 116 124 118 50 114 96 128 29 60 72 136 113 19 69 66 125 123 105 15 88 92 40 79 32 112 73 31 43 84 41 57 110 9 108 93 127 86 27 70 63 82 1 10 44 42 49 133 140 103 68 119 33 55 58 120 102 134 117 61 130 30 0 64 56 126 38 35 14 94 59 18 22 24 17 23 26 52 39 135 85 67 8 76 
TEST 1 ARG:135 93 60 123 120 62 7 75 92 107 71 133 12 9 131 77 86 130 55 65 13 48 27 43 5 122 91 47 3 117 128 39 121 116 45 140 87 51 10 99 139 97 0 94 49 18 20 56 26 67 101 32 66 79 81 82 24 23 76 2 102 104 59 40 37 63 28 64 127 111 30 125 98 52 35 73 124 41 6 44 119 90 21 108 69 42 61 16 72 129 109 34 25 95 54 126 89 115 74 85 11 1 138 83 105 8 50 118 100 70 46 103 15 38 142 137 68 57 19 136 132 58 80 17 112 96 33 141 4 110 29 84 36 31 113 88 78 114 53 106 22 134 14 
TEST 2 ARG:103 41 106 31 23 0 12 50 115 54 38 58 86 47 132 15 94 63 130 32 118 29 128 52 70 114 34 119 33 112 5 17 43 120 45 88 97 142 89 99 57 78 92 111 113 59 80 64 36 39 9 2 134 107 37 91 83 121 72 135 40 123 133 82 109 105 137 102 98 95 87 139 13 141 108 18 10 11 124 22 122 56 25 126 20 127 73 96 100 85 68 76 75 28 60 62 117 1 79 90 61 30 74 104 136 35 116 84 14 51 27 125 48 26 110 140 6 67 53 24 44 101 66 7 55 81 129 77 49 93 46 65 131 19 16 42 21 69 71 8 3 4 138 
TEST 3 ARG:110 131 11 23 69 46 73 111 47 8 40 4 133 65 7 58 137 2 139 78 67 53 115 35 42 99 26 89 66 34 104 79 103 64 125 21 41 83 120 77 10 138 90 121 141 135 124 43 92 127 88 142 94 33 72 87 106 98 52 9 97 74 51 36 6 30 93 128 91 96 71 113 45 16 3 39 101 75 17 126 20 19 112 100 122 76 62 1 28 70 118 49 86 105 119 13 12 54 22 95 50 37 29 18 32 61 56 24 129 108 5 59 140 55 60 130 25 116 114 81 57 68 136 48 85 0 123 27 44 117 84 132 134 15 82 80 107 102 14 109 63 31 38 
TEST 4 ARG:123 102 61 105 20 140 78 54 42 82 85 5 129 52 30 117 63 88 133 114 6 40 77 112 33 87 135 122 84 121 7 12 24 59 68 131 23 65 72 58 45 113 29 32 93 80 9 21 76 46 1 26 97 90 27 14 118 137 107 11 4 100 94 125 2 16 31 101 47 8 116 13 119 92 75 50 69 28 64 110 109 53 127 130 71 73 25 103 3 15 108 86 106 98 70 132 10 126 49 38 18 142 22 66 111 141 0 91 96 35 89 115 17 36 95 99 57 79 55 136 62 67 139 81 48 44 83 104 134 138 51 74 19 43 56 37 39 34 60 41 128 120 124 
TEST 5 ARG:4 106 84 39 43 76 127 134 51 87 140 119 44 1 138 63 70 16 98 61 89 3 80 58 14 26 24 139 97 96 15 25 35 118 75 46 38 121 90 94 34 21 109 27 52 67 88 79 30 135 91 45 108 125 36 20 133 17 111 73 40 53 117 6 95 128 112 59 120 8 48 50 19 104 124 113 142 86 93 130 99 32 78 23 66 122 102 0 123 18 129 9 2 114 57 101 83 5 47 92 33 10 54 22 56 12 116 28 60 65 11 29 62 37 13 115 100 74 105 141 82 41 69 49 42 103 85 31 110 126 137 7 107 136 132 64 71 77 55 68 131 72 81 
TEST 1 ARG:49 7 137 121 63 91 64 36 47 60 73 131 139 2 95 44 13 106 5 45 70 18 110 114 76 94 88 22 50 0 65 59 29 109 125 4 105 138 120 136 97 21 80 3 69 30 126 90 19 53 123 39 16 51 87 142 17 134 54 46 115 66 129 102 58 23 75 89 108 8 128 113 86 143 83 122 85 33 135 52 38 20 119 124 99 43 62 15 141 24 1 35 14 25 96 31 112 27 98 11 12 74 132 10 104 78 71 26 68 92 56 48 41 140 84 107 37 81 34 61 79 55 32 6 9 116 42 130 82 103 127 72 117 133 100 40 28 57 111 101 77 93 67 118 
TEST 2 ARG:78 140 56 7 85 42 141 64 99 26 57 58 3 114 77 24 122 27 22 87 89 5 105 70 103 48 17 100 45 46 109 133 111 101 61 4 23 79 106 126 25 18 21 16 12 65 139 47 80 129 81 110 14 98 117 142 34 68 127 124 69 132 73 116 15 31 75 95 41 125 44 33 86 11 138 93 32 36 121 115 136 143 28 74 54 55 49 76 104 43 30 107 13 39 20 130 119 135 40 59 63 72 120 128 66 52 88 53 8 131 118 60 84 2 67 83 90 62 91 137 97 1 113 82 102 0 19 92 9 37 94 112 35 108 134 123 29 10 38 71 6 96 50 51 
TEST 3 ARG:78 100 34 79 62 83 71 88 42 25 40 130 122 82 8 1 138 14 86 115 73 38 26 113 60 74 5 119 126 43 127 103 11 133 125 91 123 77 52 4 102 53 31 57 10 27 143 101 28 20 66 118 45 37 112 109 124 99 58 142 85 70 19 59 12 35 29 95 141 81 22 76 0 39 44 65 15 135 55 121 111 41 106 105 97 134 75 13 72 108 68 104 36 84 128 17 46 64 137 90 132 49 56 107 51 3 16 2 33 48 140 136 131 110 117 23 47 6 32 96 61 114 139 120 63 69 80 94 98 129 67 50 9 7 18 21 30 87 92 24 93 116 54 89 
TEST 4 ARG:29 104 5 128 3 74 98 118 49 13 78 17 53 21 50 38 15 45 48 2 79 34 77 67 117 1 102 105 110 103 116 130 26 135 11 89 28 0 55 57 120 72 41 12 108 87 101 30 91 131 88 127 65 113 140 94 121 6 47 141 19 81 73 44 31 100 66 69 132 7 68 143 58 138 60 96 85 80 115 59 43 32 46 25 23 109 129 10 122 123 51 133 20 112 18 126 56 36 136 97 99 86 125 95 14 134 84 119 142 63 70 139 16 42 22 83 92 124 64 54 35 71 82 90 37 76 8 4 24 33 93 106 114 137 61 9 107 39 52 27 111 40 75 62 
TEST 5 ARG:20 130 0 116 9 106 5 118 99 56 140 42 75 122 133 70 114 28 93 129 119 69 29 123 107 12 73 25 11 27 91 105 96 80 44 3 85 67 95 21 22 54 66 32 7 19 113 97 126 139 61 16 104 47 137 10 31 24 34 87 33 90 109 38 55 53 125 60 124 64 59 18 83 131 82 48 89 141 101 17 136 103 120 132 79 121 111 88 37 86 84 127 51 108 68 78 2 15 41 138 1 4 35 13 74 115 102 40 135 26 6 65 39 14 71 45 134 128 62 98 142 46 143 36 81 100 50 52 57 23 63 110 112 49 8 76 92 117 30 58 94 72 77 43 
TEST 1 ARG:86 105 72 93 21 23 34 95 8 31 50 82 100 124 115 121 98 49 116 129 110 54 16 13 38 140 33 81 141 25 59 66 107 104 94 1 101 92 112 85 123 103 63 125 62 4 96 128 136 56 15 139 89 80 47 41 76 42 109 134 53 99 22 118 17 132 106 37 126 91 90 83 7 69 68 40 111 19 12 117 130 35 6 113 122 9 70 32 10 87 138 45 108 28 127 67 120 11 20 3 71 133 43 51 18 119 27 73 2 77 30 5 79 143 57 135 114 61 142 29 44 24 88 74 0 64 65 84 137 144 60 36 75 58 26 48 102 55 39 14 131 97 52 78 46 
TEST 2 ARG:109 105 12 130 63 4 1 3 73 60 131 121 26 25 44 125 139 126 6 20 10 106 39 136 59 5 48 27 86 9 55 35 52 71 140 120 95 53 101 119 97 24 2 127 80 37 110 81 74 0 32 128 111 134 138 93 11 30 46 91 76 41 61 16 117 54 56 31 88 115 40 89 45 113 143 36 22 64 82 96 42 103 100 43 78 104 33 142 62 135 58 94 75 118 50 108 124 144 34 21 129 112 83 85 49 38 90 137 65 116 84 92 72 23 15 57 123 69 133 79 17 14 132 122 18 47 7 66 19 8 67 87 102 114 28 68 141 51 98 77 107 70 13 29 99 
TEST 3 ARG:46 43 77 75 64 37 71 138 91 3 108 103 24 99 92 120 142 56 68 67 57 81 54 114 82 66 135 69 113 74 70 117 144 33 72 26 125 122 32 73 100 90 18 140 27 60 88 94 38 137 130 97 53 136 101 4 23 51 134 41 128 16 39 14 65 102 7 8 76 44 95 28 61 86 21 106 34 58 141 78 133 143 89 126 98 132 47 110 111 87 20 59 30 17 96 12 139 15 115 52 112 131 118 45 116 29 25 84 79 123 19 1 35 2 127 40 104 124 80 121 36 55 11 49 48 109 63 10 83 50 22 13 129 105 42 6 93 9 62 119 85 107 31 5 0 
TEST 4 ARG:116 74 114 83 2 69 66 142 79 137 48 37 128 111 92 18 21 64 12 7 113 143 133 88 104 62 86 94 56 1 70 60 71 132 5 9 52 91 131 76 102 49 121 16 85 17 10 27 98 38 40 107 53 51 0 65 44 29 25 72 67 55 140 4 32 100 118 26 30 138 139 24 63 39 97 84 135 136 144 106 122 96 15 47 22 75 81 46 20 31 115 99 78 103 42 3 125 28 57 130 129 33 77 36 93 13 54 109 23 58 119 43 8 117 19 35 41 126 11 14 80 134 34 141 101 90 127 50 123 95 112 59 120 105 110 82 45 124 6 68 108 73 89 87 61 
TEST 5 ARG:28 38 125 55 75 14 48 47 45 108 36 96 15 26 113 112 9 132 98 70 144 124 76 109 31 101 85 56 0 107 3 5 87 42 99 24 67 86 1 10 49 78 17 37 90 133 34 66 100 141 60 131 29 11 23 118 52 95 103 39 91 32 120 53 33 63 97 25 89 19 106 71 7 68 92 127 69 18 116 94 126 114 123 61 62 80 20 117 41 105 136 88 102 143 58 130 65 6 44 140 16 35 139 104 138 27 83 4 93 121 82 8 74 111 46 77 142 73 21 84 30 22 13 81 54 129 115 134 122 72 40 137 12 50 57 128 43 119 110 59 51 135 64 2 79 
TEST 1 ARG:58 99 22 16 137 89 56 40 49 54 31 65 11 115 2 50 125 119 123 81 73 17 87 0 67 138 131 91 72 33 124 74 108 100 111 98 120 130 126 129 34 1 90 121 84 6 21 10 106 48 14 60 29 142 85 24 41 36 28 51 82 92 13 52 44 70 109 118 61 104 132 103 76 96 134 20 64 140 86 57 25 39 117 71 5 3 62 78 4 47 55 38 144 79 80 116 43 97 107 88 101 42 95 30 141 32 135 113 19 143 53 35 45 18 122 9 139 83 46 23 128 93 63 15 68 127 12 26 75 8 102 66 114 59 145 105 69 112 27 7 136 37 110 133 94 77 
TEST 2 ARG:93 58 67 106 116 79 71 95 94 40 135 66 118 81 32 42 103 77 122 101 23 51 34 125 96 134 127 65 7 36 104 143 113 131 133 87 1 9 129 108 59 5 70 80 26 61 82 140 68 136 21 126 120 109 3 78 6 56 19 25 85 112 45 91 60 8 46 102 142 97 141 123 62 13 128 35 49 18 145 130 15 64 63 75 38 20 16 12 88 44 76 115 139 84 69 10 137 99 27 0 4 14 50 138 111 144 17 86 30 89 39 31 72 24 57 47 114 28 73 2 119 105 110 52 48 124 37 83 132 100 55 121 98 53 22 74 117 107 43 54 29 41 92 33 11 90 
TEST 3 ARG:73 101 34 66 37 68 99 8 89 27 42 9 128 87 110 92 54 137 124 10 123 36 12 53 7 140 30 144 23 115 95 120 142 138 58 2 6 60 108 26 107 135 31 91 14 16 18 33 93 79 4 145 29 136 15 106 0 84 131 90 51 63 38 103 59 20 55 130 49 57 129 3 102 61 127 75 82 17 65 111 81 44 83 43 5 116 22 121 11 118 48 52 46 143 139 98 24 25 35 19 114 76 119 69 41 28 125 105 13 39 70 85 97 67 113 80 21 122 96 88 62 74 77 40 56 141 109 126 50 72 94 117 132 45 64 104 133 112 71 1 47 134 86 32 100 78 
TEST 4 ARG:60 16 107 134 127 41 15 27 143 70 26 111 79 84 44 21 25 11 38 120 138 129 12 58 8 94 56 2 125 45 42 130 112 51 39 78 67 80 89 57 19 54 22 43 132 68 40 92 17 32 139 49 118 61 23 59 3 50 108 104 7 77 140 47 24 18 137 114 145 13 4 90 93 9 53 74 46 119 99 65 86 30 97 73 141 91 144 142 110 106 96 10 136 117 101 31 71 33 131 124 28 52 20 55 87 29 95 37 5 62 63 100 69 102 6 113 81 75 1 122 72 76 34 121 128 66 48 88 35 0 126 83 82 103 105 115 14 123 116 98 85 135 64 36 109 133 
TEST 5 ARG:71 20 27 115 31 93 51 124 61 120 141 96 118 132 8 135 15 6 138 24 91 54 102 108 64 18 86 76 55 73 75 13 140 103 37 83 63 116 35 127 112 119 98 21 11 78 133 95 68 44 19 62 111 22 117 80 59 110 100 99 82 137 4 65 123 2 121 58 69 38 74 85 26 90 10 67 101 81 36 130 29 145 32 136 92 34 25 3 45 143 97 109 94 84 104 139 23 87 77 39 17 40 125 144 43 28 0 114 107 70 79 57 30 105 72 113 48 128 89 16 66 134 53 60 14 142 41 42 1 5 52 12 129 9 50 122 47 126 7 106 88 56 46 131 33 49 
TEST 1 ARG:77 129 21 133 16 5 91 52 35 73 104 136 69 19 141 47 32 108 128 48 37 97 89 83 87 82 71 30 140 9 127 39 68 111 42 93 14 79 57 64 106 76 135 103 45 62 15 138 51 137 102 70 53 28 11 75 49 44 146 105 13 107 101 94 33 98 10 99 122 139 143 113 18 85 130 65 134 63 119 58 6 55 72 95 29 109 56 81 90 100 27 50 61 131 96 60 54 118 8 31 38 110 112 92 124 86 84 114 46 115 3 4 22 120 145 116 41 142 144 40 26 117 43 59 66 20 7 125 12 121 1 25 0 88 132 17 80 74 67 126 78 36 2 34 123 23 24 
TEST 2 ARG:60 65 145 4 2 3 32 45 109 118 144 74 110 0 51 58 120 84 103 38 68 11 94 122 112 129 111 71 39 31 5 66 131 107 90 48 29 136 9 27 139 146 76 116 61 132 100 17 135 50 104 44 99 102 137 86 82 20 98 133 140 47 13 95 14 75 24 52 123 72 16 35 53 121 113 63 128 87 141 36 62 28 92 26 69 91 89 85 77 143 10 115 101 81 117 59 119 57 19 130 23 6 42 96 126 34 134 21 25 40 127 55 108 33 105 97 83 79 88 8 106 7 12 41 70 1 67 80 124 30 54 43 56 15 49 142 22 125 18 37 64 73 138 78 93 114 46 
TEST 3 ARG:110 72 53 55 88 114 140 41 94 74 21 108 78 142 57 6 0 137 43 123 31 85 133 36 125 54 76 132 58 23 96 65 8 100 26 10 112 18 141 39 87 101 92 29 119 90 121 16 42 128 1 40 144 93 67 70 81 59 27 20 19 84 51 103 143 95 83 13 64 111 135 82 35 73 145 47 56 49 32 69 129 11 28 138 33 50 4 134 66 131 105 106 98 5 97 68 91 44 116 99 136 63 45 127 14 124 62 22 3 30 120 118 115 7 38 25 126 79 117 71 122 12 113 46 77 89 61 24 86 15 37 2 17 104 60 107 146 34 139 109 130 75 9 48 52 80 102 
TEST 4 ARG:62 133 141 108 57 139 33 90 116 127 47 44 134 45 140 19 91 69 20 80 21 122 38 0 42 37 66 59 85 84 53 1 22 78 132 143 142 106 17 11 82 129 137 100 13 9 111 61 103 10 50 67 87 99 125 81 32 72 65 58 56 29 145 52 113 14 135 26 89 102 40 98 93 92 16 75 48 7 2 71 130 146 88 34 46 94 5 144 77 119 23 123 74 76 68 114 109 95 31 118 39 120 54 126 79 49 25 8 30 101 104 107 6 105 36 73 121 27 110 35 12 117 55 60 4 63 64 136 3 124 15 86 112 43 128 138 18 115 96 41 24 97 28 51 70 83 131 
TEST 5 ARG:63 96 106 83 82 42 69 75 49 24 95 18 27 6 62 125 55 43 102 126 9 103 134 74 81 67 72 133 45 23 118 13 12 137 85 115 122 4 110 48 2 120 94 36 30 112 132 71 20 68 121 3 116 26 142 129 61 109 25 41 123 79 90 100 104 144 51 16 60 46 0 128 40 113 11 84 92 73 53 87 14 21 146 50 29 22 38 89 136 56 140 138 39 99 91 141 32 31 70 97 65 145 58 66 77 117 52 8 57 15 47 101 78 124 143 127 44 88 28 35 111 98 130 93 34 10 7 76 107 86 119 1 33 80 37 59 131 19 139 135 64 108 114 17 54 5 105 
TEST 1 ARG:128 143 95 80 17 127 7 103 120 94 113 9 90 6 45 108 43 68 134 48 132 50 118 30 76 121 87 73 122 61 32 70 130 3 11 102 69 8 145 53 33 72 88 139 58 27 119 144 71 38 19 18 86 136 22 62 146 135 39 110 141 47 10 21 79 104 13 4 36 31 59 82 84 100 12 78 109 56 133 112 26 28 55 2 99 129 138 81 116 137 74 0 126 57 65 107 105 52 42 117 67 64 60 16 41 35 92 23 111 29 24 93 115 5 15 97 34 106 140 83 44 51 49 96 1 46 147 98 91 114 63 77 85 125 75 37 66 14 54 89 131 40 124 20 142 101 25 123 
TEST 2 ARG:136 61 111 116 34 84 131 114 132 49 12 2 71 115 72 143 80 105 58 56 11 28 139 118 67 73 109 97 81 50 93 27 90 29 110 41 17 35 129 91 70 62 107 146 59 0 43 83 69 46 52 85 64 141 147 1 53 54 140 39 55 75 92 113 108 144 3 22 63 38 88 130 5 142 76 65 103 36 26 15 47 31 121 101 82 48 23 137 120 79 127 122 135 13 37 51 87 124 78 95 74 112 14 8 9 18 57 25 133 138 60 96 7 128 16 123 68 33 10 98 126 45 19 6 125 106 102 40 134 32 20 66 145 89 100 94 86 24 4 30 104 77 44 117 42 21 119 99 
TEST 3 ARG:118 50 58 45 52 115 77 81 132 130 100 32 122 21 93 16 34 2 95 33 76 5 74 119 60 1 24 110 35 128 126 138 99 17 105 114 53 98 59 86 142 91 136 144 28 133 90 20 139 131 102 112 63 78 84 87 9 19 70 75 123 43 10 68 135 96 117 73 134 129 92 140 69 80 47 27 42 49 61 101 121 146 23 85 125 0 137 143 37 82 36 104 64 41 38 55 79 83 109 107 66 124 103 62 4 147 106 127 56 30 44 3 48 15 14 97 7 8 13 25 22 141 116 65 29 71 31 108 11 54 18 145 67 89 111 113 88 51 72 6 12 94 46 57 39 40 26 120 
TEST 4 ARG:31 63 37 109 65 100 120 86 18 47 3 82 24 45 2 74 137 88 81 48 116 94 25 68 96 32 77 19 1 44 125 62 118 103 61 27 133 117 123 15 64 131 143 83 53 95 34 5 105 23 28 66 126 50 90 121 80 40 140 114 30 144 55 35 36 60 142 85 42 58 59 97 98 113 16 108 39 8 111 9 14 54 132 136 33 128 72 87 104 11 130 43 69 70 73 7 52 71 57 146 141 135 138 10 20 12 26 139 119 112 46 145 56 127 21 102 110 92 79 22 115 99 78 101 0 75 91 49 29 134 122 13 124 17 4 129 147 84 89 93 41 76 38 6 107 67 51 106 
TEST 5 ARG:141 132 23 118 120 137 29 88 129 45 95 93 68 26 76 46 106 63 124 59 79 98 52 83 147 48 24 39 6 41 99 64 119 22 27 73 81 35 16 9 91 50 96 89 30 8 131 112 94 32 3 62 18 108 86 72 37 102 21 114 38 69 123 55 60 143 4 100 67 116 28 109 135 85 133 31 113 12 54 130 75 104 78 126 10 19 49 42 70 121 82 15 128 115 20 87 40 110 66 2 134 142 101 0 1 36 47 146 7 117 53 71 56 44 11 90 92 107 127 25 57 33 77 17 136 80 103 14 122 5 145 97 74 144 43 65 84 34 125 13 138 111 61 139 58 51 105 140 
TEST 1 ARG:100 16 98 74 142 131 36 72 18 58 22 75 85 145 117 28 97 82 135 66 71 87 113 37 104 90 139 136 60 24 86 119 1 124 32 91 77 35 53 137 33 43 79 76 146 148 62 55 92 69 68 27 125 129 56 3 118 134 57 26 9 40 99 115 133 88 102 81 49 10 138 21 126 47 15 111 70 20 80 54 132 95 106 30 84 51 46 144 147 103 6 105 78 94 34 14 59 65 112 25 13 93 110 41 130 108 89 123 63 44 50 45 7 107 116 17 127 52 0 42 141 48 114 5 67 128 39 4 19 11 121 122 140 2 29 96 12 120 109 143 8 101 64 61 38 73 83 23 31 
TEST 2 ARG:130 98 126 26 69 140 125 53 23 117 47 146 24 80 18 19 74 33 84 137 41 128 107 54 63 14 142 3 31 60 93 109 141 34 104 127 40 119 43 102 81 12 42 59 20 143 116 144 106 148 132 71 28 133 15 30 45 36 50 44 122 8 95 67 91 90 114 72 87 86 101 96 0 21 129 22 61 120 35 139 99 110 27 131 136 56 147 39 100 29 79 2 66 17 48 92 115 46 112 94 9 6 10 88 70 7 97 83 105 49 16 111 38 76 62 51 55 64 57 52 135 124 82 89 118 32 85 145 5 108 58 123 13 65 75 138 134 11 121 25 68 37 103 113 78 73 77 4 1 
TEST 3 ARG:120 136 4 48 55 38 94 44 19 61 79 113 133 117 70 56 11 139 72 68 124 112 31 0 20 121 23 57 42 3 32 80 141 106 47 37 127 58 13 8 77 7 30 21 60 131 119 35 12 92 43 111 75 100 99 96 73 143 78 14 135 114 36 65 9 89 118 40 16 27 107 2 102 5 125 126 115 51 97 116 76 140 104 74 39 132 88 1 110 85 46 18 109 137 52 63 105 128 10 81 138 33 87 95 41 82 129 25 17 130 22 147 123 67 49 71 108 28 50 6 98 142 146 84 91 101 45 144 83 103 86 148 29 62 145 90 93 34 15 53 24 122 66 69 59 26 64 54 134 
TEST 4 ARG:127 11 74 124 39 61 115 114 87 18 71 102 104 28 56 140 136 15 70 2 63 69 107 113 101 31 103 21 32 108 49 121 4 10 54 131 65 105 99 9 135 97 143 144 96 125 86 8 112 34 106 20 29 33 145 26 147 14 30 90 84 17 138 123 16 81 62 80 3 45 137 79 116 24 51 52 57 133 109 91 38 88 119 44 76 12 94 47 43 85 48 89 122 23 68 139 142 78 36 110 19 98 126 7 132 148 141 1 83 0 27 118 58 72 77 37 5 146 25 55 92 64 60 100 46 53 50 111 59 67 66 93 73 95 6 41 134 75 117 35 40 129 120 130 128 22 82 42 13 
TEST 5 ARG:41 125 31 140 132 147 127 122 148 54 25 22 74 45 35 117 57 15 114 24 126 16 80 97 3 84 29 101 95 0 85 13 7 112 105 108 139 113 42 19 103 40 94 88 58 75 124 133 141 99 26 83 8 10 64 145 1 51 61 65 62 77 136 91 36 73 120 109 111 6 49 39 107 53 76 28 27 130 134 142 146 18 17 67 115 33 135 93 12 121 20 131 100 37 81 2 46 129 50 82 38 106 30 21 52 118 104 32 71 68 70 23 34 4 116 96 128 11 56 110 79 66 60 143 78 69 48 5 123 87 59 92 98 47 102 86 14 144 89 63 44 90 72 43 55 119 138 9 137 
TEST 1 ARG:126 85 125 137 44 33 129 99 8 18 7 66 75 124 23 133 2 90 50 100 30 88 127 139 73 5 117 6 48 77 27 14 78 79 52 147 83 37 10 111 43 74 146 0 62 60 55 70 142 94 97 135 149 51 95 101 16 145 13 148 144 112 24 58 67 121 143 49 19 17 105 25 113 64 107 130 31 11 92 89 9 40 109 132 104 57 96 80 28 140 45 98 86 4 116 102 123 122 29 138 84 32 114 110 68 115 38 12 26 69 61 131 3 141 71 91 46 136 36 63 42 81 47 53 120 15 119 128 20 108 22 106 39 34 59 93 103 87 35 41 54 134 76 118 65 21 1 56 82 72 
TEST 2 ARG:90 107 13 7 126 27 46 118 117 136 58 95 83 87 130 72 12 17 43 132 124 29 85 16 111 101 137 35 51 5 3 112 10 56 44 98 145 92 40 65 47 74 82 8 103 66 143 6 140 38 96 33 110 11 19 97 61 81 62 89 93 113 64 104 54 94 50 36 28 102 34 77 0 106 45 105 133 116 125 80 79 115 135 52 148 139 123 60 75 48 68 18 128 41 114 138 122 32 24 31 39 25 120 100 141 134 15 30 119 20 70 91 21 131 69 26 99 55 59 14 129 108 88 67 146 37 147 4 127 142 84 109 63 22 9 53 86 76 149 71 1 49 2 121 144 73 57 23 78 42 
TEST 3 ARG:110 141 112 126 95 16 33 67 101 61 103 85 86 17 114 123 31 97 9 48 66 93 26 133 125 144 40 28 77 120 23 41 49 18 14 128 57 39 22 6 15 139 34 21 98 130 89 88 78 59 37 109 69 74 131 72 29 46 27 42 54 65 148 94 116 127 70 62 142 134 8 102 124 38 143 75 13 53 45 51 129 1 136 24 83 91 50 111 20 71 105 52 32 82 140 87 100 108 35 55 132 63 60 3 19 11 43 122 12 147 106 58 25 76 138 0 44 146 36 79 92 118 81 117 73 121 145 4 149 84 90 104 47 64 10 135 107 113 5 30 137 99 68 119 2 7 115 56 80 96 
TEST 4 ARG:8 36 149 45 131 71 28 60 5 111 102 59 23 44 78 139 87 82 58 70 120 41 48 30 132 16 22 38 13 6 115 9 0 15 114 94 7 148 104 88 26 11 1 84 50 107 2 144 34 55 128 43 96 89 31 29 117 20 143 138 42 3 12 81 118 127 142 10 65 68 46 57 91 69 121 141 17 123 109 64 73 56 52 74 135 24 63 14 33 106 77 47 79 98 53 67 129 72 90 86 122 113 108 101 105 92 112 51 21 100 119 147 35 95 110 4 97 140 136 130 66 146 27 133 145 62 99 49 134 83 18 39 80 125 54 116 25 126 93 40 76 85 103 75 32 37 124 137 61 19 
TEST 5 ARG:139 64 127 87 50 41 82 12 79 37 128 92 7 40 1 45 71 2 118 51 78 126 141 24 19 59 44 3 123 117 68 60 54 119 113 80 17 61 33 100 95 116 107 66 114 63 47 34 147 138 46 30 21 144 83 93 70 22 42 4 137 110 65 112 10 94 58 142 31 134 111 121 14 28 140 27 106 102 91 133 97 90 75 104 115 98 38 122 26 125 135 77 32 62 76 84 52 23 8 49 0 96 67 145 5 108 13 11 149 48 29 99 18 55 120 69 131 25 88 130 105 39 124 57 74 129 85 20 109 35 146 136 81 103 101 86 36 56 15 132 72 73 89 53 9 6 143 43 16 148 
TEST 1 ARG:2 9 33 99 109 63 54 14 53 116 67 88 41 0 114 81 61 3 100 84 6 70 91 98 131 113 16 77 24 72 149 146 20 93 123 137 10 55 47 50 28 102 87 135 21 115 106 141 108 119 43 27 31 118 12 121 39 36 64 49 85 42 111 80 44 112 145 15 48 38 30 58 11 65 8 4 17 5 13 134 26 86 89 148 97 143 125 95 144 76 122 107 37 133 130 139 40 7 104 71 56 105 74 29 34 1 82 45 60 57 126 51 78 140 110 35 96 117 92 103 83 68 23 101 18 25 94 120 22 19 32 142 138 52 147 132 90 79 124 150 59 69 136 128 129 127 46 75 62 73 66 
TEST 2 ARG:117 89 68 16 148 61 42 128 77 20 60 136 21 126 57 101 106 112 85 62 74 15 81 32 80 14 83 122 13 82 52 147 75 10 127 143 76 73 65 96 110 47 107 99 71 5 29 90 150 72 123 12 0 93 104 144 18 116 33 27 137 56 132 36 115 78 98 125 51 135 3 103 34 19 6 38 54 31 66 11 70 86 44 50 37 113 35 59 111 97 87 146 139 63 142 23 124 4 45 40 118 2 88 67 41 26 109 39 48 121 49 130 58 84 43 108 22 138 25 145 7 120 102 64 133 105 8 53 141 91 119 100 55 95 149 131 114 24 30 28 129 79 69 140 1 9 17 134 94 46 92 
TEST 3 ARG:78 79 52 109 63 115 51 17 57 101 65 125 19 93 62 89 53 1 26 131 119 133 72 14 116 11 104 10 137 98 37 99 117 107 45 103 41 42 146 149 150 4 130 29 80 0 91 105 140 40 70 44 76 85 55 106 102 50 94 39 5 2 28 9 47 120 25 81 30 36 122 15 20 43 96 75 88 64 32 71 121 143 7 16 124 8 83 73 100 142 111 61 67 35 24 12 58 95 114 92 31 118 87 147 66 97 48 108 3 145 69 135 123 74 90 49 144 13 60 112 139 59 22 21 128 84 18 132 68 27 134 54 23 136 86 126 110 82 148 141 129 6 77 138 38 34 33 56 46 127 113 
TEST 4 ARG:68 144 6 7 142 105 26 55 61 114 82 104 66 97 49 136 52 119 72 54 1 25 84 0 88 27 23 132 33 89 93 133 145 64 120 65 111 50 99 90 113 125 46 42 138 67 2 29 62 69 149 92 107 30 103 98 24 76 21 28 85 14 71 36 39 58 148 123 16 44 147 139 18 47 56 40 43 51 121 126 15 17 80 59 19 127 146 129 53 95 124 75 150 78 94 83 70 45 135 13 112 117 3 140 34 35 96 100 102 130 10 37 81 57 31 141 9 91 115 73 11 137 60 108 63 109 41 38 106 4 5 74 116 32 122 128 131 110 143 101 134 12 20 48 77 22 79 8 118 86 87 
TEST 5 ARG:133 3 61 135 76 112 26 132 17 41 79 136 81 117 27 145 105 4 78 83 16 10 42 137 108 126 104 40 144 9 13 68 119 65 88 75 95 106 96 38 53 130 20 66 54 116 7 33 148 114 115 44 37 87 58 36 125 94 89 24 71 121 92 25 120 55 67 100 128 21 101 134 72 109 64 11 31 22 80 77 60 138 70 129 6 149 139 59 110 23 39 51 48 113 62 85 143 98 127 150 140 102 90 52 5 57 43 34 86 28 46 18 93 49 147 15 84 107 47 122 146 103 45 99 73 30 82 97 19 123 91 0 50 8 35 29 12 56 69 2 118 63 124 32 1 14 74 111 131 141 142 
TEST 1 ARG:60 54 2 101 24 151 126 94 45 137 10 44 53 67 97 130 92 89 73 109 150 123 38 42 90 58 70 1 11 113 144 133 49 82 146 3 34 103 57 120 25 56 145 48 91 149 93 117 26 99 7 86 85 76 64 22 21 129 147 131 31 119 55 8 46 75 19 36 110 122 47 112 127 43 71 62 5 9 23 20 102 132 98 37 100 106 51 140 114 28 80 121 79 87 81 135 125 40 30 15 139 107 118 66 0 136 27 138 61 35 88 29 16 84 52 148 124 65 134 128 14 95 142 96 111 4 32 13 143 68 41 74 33 108 116 50 59 12 105 6 104 78 115 17 69 83 18 39 63 77 141 72 
TEST 2 ARG:131 74 11 77 12 91 110 98 20 65 115 26 3 17 141 35 127 45 113 103 97 42 24 39 29 105 148 58 51 2 143 120 4 83 122 93 52 129 6 73 46 33 75 104 124 40 123 147 19 55 140 117 0 25 102 126 149 99 87 22 56 88 90 5 8 84 137 23 47 80 37 138 134 59 54 15 63 53 62 116 1 81 50 136 28 82 68 130 94 119 109 61 100 66 139 67 89 101 7 14 86 133 85 151 128 121 57 79 72 118 135 36 41 107 38 146 150 18 95 27 31 69 132 70 142 44 71 9 34 60 13 106 78 145 30 114 10 32 76 43 111 49 108 125 48 112 64 144 92 21 16 96 
TEST 3 ARG:53 144 136 110 131 98 49 77 21 140 103 127 42 32 23 44 67 9 125 34 62 29 20 68 119 83 72 79 27 109 114 66 16 113 2 24 129 60 112 35 108 52 124 11 135 69 46 63 137 133 139 88 8 39 43 141 147 81 5 85 45 126 56 54 105 28 74 104 149 93 17 138 134 143 150 102 70 64 128 80 26 12 19 40 33 59 100 115 97 95 10 116 94 101 84 145 4 18 87 6 130 92 142 106 1 146 117 51 118 14 38 73 76 132 0 111 99 91 151 120 86 31 122 25 121 3 71 36 48 123 30 65 75 107 96 13 22 47 41 89 50 148 55 15 82 58 57 7 37 61 78 90 
TEST 4 ARG:134 130 34 150 93 7 5 146 128 115 56 32 14 98 116 63 59 70 27 1 88 15 103 6 114 145 74 53 84 107 16 41 139 123 133 121 100 80 138 144 131 39 148 20 105 79 52 61 40 101 36 54 47 96 17 62 30 151 0 90 22 112 8 85 25 94 104 135 73 31 12 81 33 91 42 28 71 18 19 119 4 49 75 149 143 24 127 13 60 55 67 9 43 95 108 37 51 126 99 65 118 50 125 142 72 3 10 38 129 87 136 113 57 106 132 97 111 21 122 64 76 82 68 35 117 83 23 124 69 77 137 66 102 11 26 45 29 120 110 78 147 44 89 109 46 2 92 86 58 48 141 140 
TEST 5 ARG:67 108 31 59 47 84 61 124 43 20 148 48 38 52 73 98 34 95 72 15 135 9 79 83 138 88 77 51 115 140 151 26 6 101 92 86 105 120 5 90 129 111 0 106 149 100 60 42 3 147 49 57 56 29 10 70 32 46 25 44 50 37 102 65 36 134 71 76 146 130 30 40 136 75 27 145 14 97 116 22 45 122 119 131 41 118 126 21 54 64 137 132 7 24 68 66 81 85 12 128 53 2 127 103 39 8 1 110 11 63 142 28 114 123 96 133 17 109 19 91 89 144 150 143 94 33 55 62 99 113 112 104 4 80 69 93 125 35 58 78 13 117 107 16 139 82 121 74 23 18 87 141 
TEST 1 ARG:105 73 55 1 25 140 29 31 43 17 2 21 102 92 146 10 91 82 112 124 134 111 30 80 32 67 137 87 78 132 53 16 131 47 24 54 4 36 66 71 114 90 84 35 143 14 138 45 64 19 37 99 18 7 77 11 51 41 70 76 63 144 115 130 106 118 13 120 74 121 83 39 9 44 0 59 150 48 72 38 62 152 149 119 117 100 95 94 12 85 81 27 123 128 68 34 40 151 75 5 109 97 22 86 15 49 139 148 56 142 23 57 113 136 26 110 129 61 3 89 33 141 133 69 6 107 145 108 65 98 93 96 147 42 127 79 101 88 50 20 46 103 60 104 125 28 8 135 52 122 126 58 116 
TEST 2 ARG:99 130 118 97 68 69 128 114 54 53 70 9 117 116 126 148 36 77 108 95 78 74 20 101 7 133 79 89 86 129 127 107 124 113 5 10 1 71 132 35 34 41 100 82 131 57 33 51 102 104 42 137 136 85 18 92 39 81 96 8 16 152 66 80 0 146 111 19 60 29 109 14 145 15 21 151 73 25 93 75 134 103 45 106 141 63 11 67 110 83 40 12 120 6 65 58 94 50 23 62 27 43 31 55 61 47 115 84 3 64 44 52 17 4 49 76 122 121 72 135 90 140 32 88 123 48 139 87 149 46 147 144 150 30 2 22 28 59 38 138 98 143 26 142 56 24 112 119 37 91 13 105 125 
TEST 3 ARG:39 95 133 24 35 45 85 108 87 76 135 77 1 51 89 144 98 147 105 136 9 36 120 30 142 90 59 116 38 11 86 27 152 65 104 146 73 40 67 0 122 112 71 137 92 70 119 113 63 74 33 20 84 13 23 130 19 17 138 78 149 3 15 81 110 94 111 141 79 49 25 46 139 2 44 62 12 125 31 10 82 80 55 129 123 100 69 107 106 18 143 48 52 26 16 6 128 64 99 109 60 58 34 124 151 57 53 28 29 61 126 32 14 93 117 131 132 5 148 150 37 54 140 21 88 56 101 83 91 68 66 7 134 47 118 115 121 75 97 102 50 96 72 4 127 41 42 22 114 8 145 43 103 
TEST 4 ARG:142 104 65 5 113 146 84 7 16 51 100 36 148 78 149 17 144 97 8 138 21 112 53 0 134 24 94 31 126 96 132 47 62 22 11 116 79 139 14 115 71 137 105 1 70 39 129 50 23 103 118 90 25 98 130 37 72 32 45 114 125 56 127 101 6 92 3 18 128 73 9 123 55 46 80 20 147 77 141 63 30 19 120 2 40 74 85 26 110 88 4 33 52 83 66 69 81 119 106 140 34 10 111 87 61 27 86 29 43 44 48 28 133 102 67 95 143 38 93 135 91 99 60 15 41 59 124 151 131 68 57 122 150 54 76 35 82 64 109 121 58 89 13 136 75 108 49 145 152 12 117 42 107 
TEST 5 ARG:65 149 143 117 95 98 23 131 118 62 42 122 123 100 39 17 106 6 107 90 133 49 130 30 110 148 104 64 9 92 21 67 68 43 50 144 26 16 99 76 105 135 47 2 73 84 55 22 24 146 74 89 46 150 54 11 137 37 35 102 34 15 69 93 112 147 85 40 20 109 94 129 82 152 87 101 57 3 66 51 114 5 140 31 14 88 25 0 132 78 141 108 81 61 134 124 125 53 44 86 113 72 120 151 28 52 59 32 38 63 97 4 48 111 136 18 71 139 45 58 138 36 80 128 33 142 116 115 1 27 70 79 126 91 19 56 83 77 41 10 121 145 75 7 29 119 96 127 13 8 103 60 12 
TEST 1 ARG:11 39 141 23 124 101 97 69 45 75 87 132 115 128 53 12 36 131 54 104 138 22 61 105 38 82 34 149 93 135 2 103 6 63 120 110 100 27 64 41 126 102 137 119 117 50 1 67 68 88 81 109 151 46 40 107 33 57 14 112 113 143 152 114 70 31 10 43 60 146 21 89 13 130 35 25 32 16 106 99 8 58 49 150 66 133 83 121 74 62 4 55 76 95 111 42 136 116 18 19 129 144 5 123 3 125 79 24 78 134 142 139 9 48 73 127 0 77 56 7 52 20 86 26 148 15 147 71 51 96 94 37 44 30 108 28 29 47 85 90 118 153 72 84 65 92 80 98 59 17 145 140 122 91 
TEST 2 ARG:95 31 67 122 58 75 4 77 50 8 134 111 117 35 26 141 96 90 83 115 148 146 121 12 24 19 128 15 127 84 114 130 23 131 11 144 21 143 139 151 97 132 81 140 43 119 72 118 13 37 53 22 125 86 87 64 60 5 7 49 20 100 63 34 150 123 40 142 93 61 30 73 74 133 116 56 147 17 126 76 149 52 46 6 28 59 103 62 71 48 94 65 109 32 45 135 1 113 92 38 79 107 3 18 57 33 82 9 105 29 85 54 138 153 27 152 112 51 101 110 14 129 108 99 41 88 44 91 80 124 145 137 104 10 39 70 102 68 89 16 98 2 106 66 47 36 25 42 136 69 78 0 120 55 
TEST 3 ARG:151 125 38 134 60 83 20 131 90 127 43 36 93 22 107 0 101 34 69 1 17 91 80 30 76 50 63 51 74 115 7 84 92 123 57 2 144 70 16 141 152 150 59 95 111 137 106 105 27 96 75 21 98 11 129 13 128 124 73 136 49 48 35 147 71 100 54 153 145 33 44 120 15 24 61 25 130 116 112 78 14 119 94 28 32 58 149 81 64 88 89 23 77 146 65 68 102 55 47 133 29 39 6 26 31 4 110 53 8 121 52 62 18 40 66 139 104 103 19 113 148 85 72 142 9 108 3 87 5 45 132 143 56 42 86 122 126 138 10 82 140 114 109 67 97 12 99 37 46 79 117 41 118 135 
TEST 4 ARG:23 148 79 43 17 58 142 128 141 103 1 139 88 144 54 106 15 60 137 31 84 89 47 2 87 115 123 149 18 105 7 94 86 80 107 143 77 11 95 140 127 131 93 57 99 81 90 44 74 104 126 25 145 40 122 136 33 9 101 135 5 102 68 119 6 91 125 34 130 26 124 116 29 59 121 76 64 92 45 113 118 48 73 150 10 62 120 52 82 114 41 146 83 19 21 30 46 50 4 8 24 35 67 98 72 20 12 129 97 37 117 108 32 66 133 96 75 85 78 151 53 36 71 63 51 42 38 0 109 70 14 132 100 28 153 110 112 147 61 3 13 65 22 39 152 16 69 55 56 134 111 138 27 49 
TEST 5 ARG:35 144 95 113 48 66 33 151 42 41 80 69 7 6 81 120 121 84 20 118 70 4 99 146 39 46 87 97 75 0 150 38 149 152 67 9 34 43 76 88 31 115 127 32 74 55 78 17 12 15 49 10 77 83 136 60 126 47 90 65 22 123 44 62 117 2 132 16 50 100 104 94 137 27 122 145 37 138 1 114 142 5 93 148 82 103 24 125 134 147 111 96 86 89 56 139 124 64 11 107 105 68 36 85 72 109 130 73 131 128 51 112 29 58 108 8 45 116 18 40 61 91 57 71 79 110 106 52 98 153 133 13 3 59 102 54 26 140 129 23 28 30 143 25 119 21 141 53 14 63 92 135 101 19 
TEST 1 ARG:129 113 53 85 137 7 87 149 70 22 134 141 71 140 76 62 68 120 46 112 130 136 126 60 17 39 151 106 135 52 83 94 34 148 72 111 90 117 92 115 27 78 109 66 11 80 10 32 19 95 123 128 25 93 124 58 116 38 3 145 96 138 81 79 127 21 122 6 91 12 147 102 154 13 119 89 139 1 51 132 5 84 118 16 146 26 37 15 45 59 43 114 75 105 150 101 56 63 55 24 64 4 33 82 152 49 108 0 144 73 29 74 131 121 36 57 41 99 8 50 40 20 77 88 104 110 98 31 48 97 42 44 47 86 54 103 28 35 100 107 2 65 14 133 30 125 143 69 153 142 23 61 18 67 9 
TEST 2 ARG:41 142 20 82 115 110 80 131 140 112 102 121 70 79 133 35 34 95 29 114 87 111 26 93 68 83 123 72 28 42 107 103 139 120 21 98 7 69 45 88 117 150 54 24 135 148 96 56 86 4 143 14 73 91 128 151 153 109 13 31 18 74 126 9 55 51 134 60 147 130 81 32 92 75 124 37 39 78 141 76 27 67 106 154 137 71 129 49 85 48 12 119 64 104 30 25 57 59 6 15 146 90 36 113 77 44 89 101 38 144 84 58 53 105 1 122 62 16 149 3 47 23 46 118 52 97 152 100 2 145 50 0 65 11 8 125 108 94 5 66 127 10 43 63 99 61 33 138 19 22 136 132 17 116 40 
TEST 3 ARG:8 119 112 35 153 38 135 17 29 141 95 5 149 139 105 79 10 39 64 1 114 120 41 53 147 32 46 75 107 3 111 132 129 40 50 28 92 69 30 150 93 91 123 71 34 128 101 84 140 15 24 122 16 9 133 88 96 90 11 59 37 136 127 42 131 63 14 126 62 70 65 26 76 144 148 78 12 142 152 103 98 100 106 99 110 146 109 97 118 45 134 151 115 33 72 77 52 56 18 0 113 31 44 25 121 138 55 125 104 85 117 58 51 61 48 27 36 116 22 74 4 130 6 43 145 13 108 73 80 102 2 143 82 154 137 68 81 66 87 83 20 86 89 7 94 60 23 124 54 47 49 19 57 67 21 
TEST 4 ARG:25 153 0 89 112 45 73 135 138 39 67 136 141 109 16 46 97 53 63 84 75 58 71 49 20 145 105 130 88 87 82 134 13 5 40 51 143 102 126 118 35 121 125 56 36 32 94 81 15 10 117 50 98 146 119 79 60 37 47 80 140 152 122 132 129 57 100 2 113 28 95 23 42 139 65 41 68 7 92 101 21 127 151 6 14 69 31 34 72 17 91 107 55 110 4 154 70 103 99 66 85 120 116 12 18 115 38 64 22 86 96 26 148 8 93 33 133 19 123 54 149 124 3 48 131 114 61 9 142 150 90 27 78 147 111 62 77 104 11 30 128 43 106 59 52 44 137 83 108 29 76 1 74 144 24 
TEST 5 ARG:119 81 47 68 147 60 61 7 6 11 50 39 59 100 110 1 108 107 85 146 130 34 135 70 76 142 112 152 23 20 139 0 82 28 109 41 55 48 46 151 53 128 97 132 80 96 13 77 32 87 74 113 38 66 8 21 2 16 141 140 31 129 92 86 121 120 73 131 91 78 125 65 126 105 89 133 71 54 83 79 9 93 26 84 51 88 64 19 138 106 114 99 30 18 63 27 101 116 14 127 150 35 90 67 123 72 148 154 56 102 3 22 43 122 24 37 62 134 103 149 117 40 136 137 144 124 118 25 94 98 4 10 42 69 115 111 143 29 44 145 12 33 17 75 45 153 49 57 104 52 36 95 15 58 5 
TEST 1 ARG:155 126 9 60 49 151 149 98 3 144 96 97 69 8 24 51 35 133 55 31 84 16 39 91 23 115 10 15 119 135 19 121 20 38 107 102 64 81 63 26 154 28 27 99 131 78 138 87 5 76 80 143 132 11 129 123 1 48 153 4 67 72 25 2 56 66 74 85 137 134 12 114 125 145 127 130 65 117 152 82 73 17 147 93 18 104 54 111 0 116 53 41 44 75 103 37 22 71 30 128 139 45 100 79 118 122 43 7 106 58 59 109 57 92 68 105 113 150 112 62 52 88 46 61 141 13 142 50 124 140 29 33 14 110 94 108 120 36 148 136 42 34 70 6 32 21 83 90 95 86 47 89 146 101 40 77 
TEST 2 ARG:136 86 79 34 124 100 30 20 96 131 118 5 7 119 40 44 36 42 77 12 60 58 66 32 50 49 4 128 120 98 29 144 112 97 56 63 113 1 74 143 27 110 107 2 26 105 149 83 43 39 3 10 57 13 22 141 137 75 15 62 142 76 45 152 11 69 65 78 38 35 94 145 24 104 111 51 55 21 126 87 117 99 68 92 61 23 17 41 82 81 59 123 52 33 95 71 9 72 103 155 8 122 64 90 153 109 135 88 14 46 80 53 106 25 139 108 28 151 102 114 70 6 150 140 54 85 101 133 129 67 37 138 132 147 48 89 0 134 84 148 154 121 146 127 116 19 93 115 125 16 31 73 47 18 130 91 
TEST 3 ARG:112 100 71 152 32 105 4 43 51 45 7 101 145 16 137 22 144 84 119 56 25 128 140 83 26 70 120 52 139 74 42 108 99 93 75 126 58 54 130 76 47 19 132 138 151 103 91 143 127 129 102 92 33 44 153 11 87 86 53 17 2 133 36 114 72 1 12 122 28 150 68 49 142 148 117 104 73 85 27 96 50 65 24 146 18 69 154 40 21 155 5 14 95 0 94 30 80 60 107 135 59 35 79 81 64 116 10 110 37 63 113 15 141 41 121 34 57 131 115 90 38 31 98 78 20 125 136 82 134 124 67 9 46 8 118 39 6 55 66 48 61 29 62 147 97 106 13 149 77 111 88 109 123 3 23 89 
TEST 4 ARG:26 80 101 155 36 43 99 33 104 112 62 37 44 105 49 66 46 7 5 74 121 64 137 147 93 16 23 122 55 54 10 58 109 88 52 22 146 117 56 38 11 108 68 30 154 143 63 0 77 45 42 2 27 106 1 79 21 41 125 35 85 47 75 149 102 25 78 91 100 39 113 118 95 67 19 69 17 15 34 132 98 82 129 32 31 134 133 151 81 9 94 136 131 135 24 72 153 84 3 142 60 29 148 140 86 126 48 89 145 127 152 123 97 115 12 150 90 111 124 83 107 120 119 73 92 70 114 59 87 4 116 28 96 53 141 110 71 51 103 50 65 40 8 76 61 139 14 13 128 57 18 144 6 138 20 130 
TEST 5 ARG:66 49 2 27 64 47 61 140 45 28 92 38 10 130 153 144 17 54 48 77 122 147 138 134 115 75 113 139 82 97 34 81 60 135 112 125 56 104 36 95 62 146 72 151 20 142 117 111 11 55 127 74 124 79 46 102 5 25 93 86 8 69 12 13 116 150 59 33 152 3 136 39 30 85 148 76 91 26 84 67 68 58 107 78 145 141 118 90 119 103 32 83 80 108 129 106 16 114 4 65 50 109 31 43 149 51 42 22 120 19 154 98 52 29 23 131 96 105 71 126 35 14 143 137 128 1 24 100 37 53 101 99 110 87 6 44 94 63 155 7 89 41 9 0 133 21 18 88 40 132 73 15 121 57 70 123 
TEST 1 ARG:51 126 45 1 105 124 28 123 140 86 32 0 38 30 41 71 152 21 13 98 11 8 107 111 73 16 85 79 104 92 82 61 81 14 53 39 57 90 102 91 143 80 93 139 9 20 137 130 146 29 75 108 78 155 4 148 27 132 68 70 33 138 63 95 113 49 135 154 94 121 43 10 151 142 5 24 25 2 149 62 69 136 64 37 7 119 15 103 87 118 42 89 34 153 72 99 3 120 44 133 6 109 58 36 96 125 127 116 150 60 106 156 47 74 114 67 100 22 115 31 26 55 66 46 18 65 141 134 122 147 117 101 128 50 112 129 145 56 52 17 110 19 76 54 144 97 84 12 59 77 83 88 35 48 23 131 40 
TEST 2 ARG:127 74 30 130 71 37 104 19 10 50 49 14 105 47 34 118 90 136 81 120 48 80 131 43 92 103 101 142 143 68 115 18 83 76 9 85 36 119 147 41 112 32 152 51 26 140 154 57 88 38 77 111 133 100 96 124 23 149 150 135 97 141 121 129 72 89 33 12 1 84 122 91 86 4 82 110 123 155 109 126 58 144 27 125 40 64 94 0 151 25 66 156 145 148 79 95 20 106 6 52 13 22 108 39 116 55 2 98 56 24 70 117 134 146 107 3 31 75 99 65 54 46 11 73 60 28 67 87 53 93 44 78 138 114 35 139 29 8 59 69 21 15 62 42 17 5 63 61 153 128 45 137 132 7 113 102 16 
TEST 3 ARG:150 64 94 97 34 80 36 53 4 3 140 100 156 61 32 142 131 70 145 102 68 123 76 152 147 151 136 60 2 153 133 139 144 19 58 119 21 141 47 114 134 55 44 69 29 109 105 52 79 85 81 13 146 22 10 62 91 127 0 57 125 92 122 75 137 48 128 72 63 101 77 95 135 8 98 6 41 24 90 14 83 106 49 96 112 59 33 46 37 88 30 108 67 1 104 27 99 12 124 78 31 89 120 113 138 155 129 20 38 82 117 93 115 42 126 121 28 18 66 103 11 110 154 7 87 35 9 107 149 130 15 23 51 16 86 50 39 84 25 43 71 54 45 40 143 74 56 65 132 26 148 116 73 5 17 111 118 
TEST 4 ARG:22 73 42 89 17 144 96 146 109 23 69 38 7 141 6 113 127 94 11 5 115 132 136 149 68 75 14 29 102 120 43 92 119 27 150 123 90 4 126 48 87 57 111 85 26 83 2 41 77 80 15 135 12 128 60 1 46 13 32 63 28 61 19 148 53 8 49 107 52 74 143 30 35 34 39 101 108 70 84 105 88 114 54 33 59 16 37 130 133 10 129 40 137 147 9 55 62 117 72 124 86 81 24 93 3 100 65 99 31 66 47 121 155 71 106 95 44 0 142 91 78 116 139 25 58 156 153 36 122 79 118 51 50 18 20 134 125 103 56 110 21 140 151 64 145 67 98 82 152 76 131 97 154 138 45 104 112 
TEST 5 ARG:30 65 116 20 78 57 123 85 114 39 8 76 131 44 43 16 7 124 0 136 144 1 97 9 115 112 26 134 139 153 68 81 33 10 67 84 92 130 49 80 141 127 50 102 75 109 19 46 71 4 63 59 60 111 101 58 133 6 72 113 12 132 103 29 41 55 56 108 100 13 35 126 69 86 48 93 140 106 17 128 40 121 24 53 118 70 156 96 51 28 21 23 142 125 2 147 90 62 54 15 83 47 36 137 74 94 37 122 52 104 138 150 91 145 22 143 73 135 38 5 98 107 105 64 66 146 25 155 110 95 117 27 31 79 32 149 18 87 11 129 45 154 3 99 82 89 120 77 61 152 88 14 151 42 148 119 34 
TEST 1 ARG:77 79 0 59 44 148 119 86 21 78 135 109 9 62 8 97 49 18 112 129 41 12 14 155 66 99 84 101 151 85 42 13 127 3 70 105 51 69 82 96 106 68 136 65 116 108 28 157 107 139 87 146 63 80 150 25 115 56 35 130 133 6 137 64 45 67 46 30 7 19 90 114 75 120 27 57 154 31 10 40 91 61 93 121 131 4 138 140 24 102 123 32 26 156 29 110 11 98 72 22 17 141 55 81 39 83 53 100 132 15 153 54 43 152 122 124 71 38 20 144 34 73 126 128 47 88 104 76 5 111 60 103 95 92 118 147 134 2 33 23 16 74 145 125 37 1 94 36 58 149 117 143 113 142 89 50 48 52 
TEST 2 ARG:101 120 80 148 31 0 17 20 153 121 59 51 29 15 68 63 109 71 26 30 57 150 136 23 61 43 114 140 4 154 87 94 77 111 10 56 108 86 53 146 9 37 92 66 62 116 28 126 135 142 129 95 27 18 47 70 36 105 144 133 58 49 60 2 117 79 82 55 19 143 25 46 151 75 112 16 118 128 8 88 65 48 98 1 96 32 138 69 102 41 21 84 113 139 81 12 85 89 106 145 156 83 72 137 7 97 5 122 76 13 38 54 100 130 152 74 91 149 11 3 52 14 39 35 42 103 99 50 110 33 115 73 44 67 155 6 64 131 127 104 34 132 119 123 22 78 141 93 124 134 45 157 107 125 90 24 147 40 
TEST 3 ARG:83 3 49 103 131 38 107 135 132 86 55 39 92 96 144 151 147 74 122 64 118 27 58 13 126 89 119 18 34 150 72 22 9 46 4 99 56 111 75 87 138 110 94 156 62 157 93 95 81 11 30 134 17 44 40 139 57 67 73 54 88 125 63 24 14 124 128 20 78 98 85 155 43 52 23 80 97 108 53 28 19 32 106 84 47 146 15 105 25 0 115 116 71 114 120 65 102 61 7 42 5 112 123 143 90 12 121 37 35 104 77 129 45 59 100 149 79 148 36 152 29 133 68 137 41 26 1 136 101 51 140 50 127 70 154 145 60 117 82 10 109 48 6 153 141 2 69 142 113 8 76 31 130 21 33 66 91 16 
TEST 4 ARG:126 28 143 47 30 124 56 134 9 132 122 76 0 60 137 31 66 149 128 63 157 77 127 26 135 35 146 79 5 53 69 61 89 68 52 84 125 90 13 114 1 101 16 6 117 59 108 96 110 88 82 106 3 116 70 22 20 24 151 93 2 65 38 55 72 144 23 139 99 12 150 83 46 57 105 39 154 64 97 7 81 78 100 49 123 43 153 50 103 41 138 95 14 140 102 10 18 17 142 15 4 118 27 91 113 148 62 75 36 37 25 48 67 21 133 44 115 86 121 58 80 111 141 45 92 145 130 147 71 136 119 98 8 29 109 11 74 33 104 34 40 131 107 112 94 54 120 87 51 129 156 73 85 152 19 32 155 42 
TEST 5 ARG:130 4 143 62 15 72 100 132 23 71 151 26 38 127 63 140 144 76 98 10 25 57 157 155 77 114 24 37 17 84 92 152 131 30 21 145 90 53 124 135 67 20 126 101 87 142 48 136 129 89 60 79 58 47 34 95 41 11 69 43 27 14 9 111 107 35 115 68 78 19 148 156 108 154 104 116 94 46 141 42 102 147 66 73 106 82 64 128 6 54 81 125 99 16 123 18 65 70 117 59 75 139 39 150 32 122 31 33 97 138 29 2 56 7 105 88 133 85 5 112 28 93 137 146 51 120 121 103 52 3 109 91 80 96 83 61 36 153 55 50 119 134 86 118 22 113 44 1 13 40 74 149 45 12 8 49 110 0 
